-- phpMyAdmin SQL Dump
-- version 5.1.1deb5ubuntu1
-- https://www.phpmyadmin.net/
--
-- Hôte : localhost:3306
-- Généré le : dim. 17 nov. 2024 à 15:25
-- Version du serveur : 10.6.18-MariaDB-0ubuntu0.22.04.1
-- Version de PHP : 8.2.25

SET SQL_MODE = "NO_AUTO_VALUE_ON_ZERO";
START TRANSACTION;
SET time_zone = "+00:00";


/*!40101 SET @OLD_CHARACTER_SET_CLIENT=@@CHARACTER_SET_CLIENT */;
/*!40101 SET @OLD_CHARACTER_SET_RESULTS=@@CHARACTER_SET_RESULTS */;
/*!40101 SET @OLD_COLLATION_CONNECTION=@@COLLATION_CONNECTION */;
/*!40101 SET NAMES utf8mb4 */;

--
-- Base de données : `coda_school`
--

-- --------------------------------------------------------

--
-- Structure de la table `booking`
--

CREATE TABLE `booking` (
  `id` int(11) NOT NULL,
  `resource_id` int(11) NOT NULL,
  `group_id` int(11) NOT NULL,
  `booked_by` int(11) NOT NULL,
  `booked_from` datetime NOT NULL,
  `booked_to` datetime NOT NULL
) ENGINE=InnoDB DEFAULT CHARSET=utf8mb4 COLLATE=utf8mb4_general_ci;

--
-- Déchargement des données de la table `booking`
--

INSERT INTO `booking` (`id`, `resource_id`, `group_id`, `booked_by`, `booked_from`, `booked_to`) VALUES
(1, 1, 1, 265, '2025-01-06 09:00:00', '2025-01-06 17:00:00'),
(2, 4, 3, 275, '2025-01-14 09:00:00', '2025-01-17 18:00:00'),
(3, 2, 3, 256, '2025-01-30 09:00:00', '2025-01-30 12:00:00'),
(4, 3, 1, 255, '2025-01-15 09:00:00', '2025-01-15 20:00:00'),
(5, 3, 3, 277, '2025-02-28 14:00:00', '2025-02-28 19:00:00'),
(6, 1, 2, 258, '2025-01-26 10:00:00', '2025-01-26 12:00:00');

-- --------------------------------------------------------

--
-- Structure de la table `categories`
--

CREATE TABLE `categories` (
  `id` int(11) NOT NULL,
  `name` text NOT NULL
) ENGINE=InnoDB DEFAULT CHARSET=utf8mb4 COLLATE=utf8mb4_general_ci;

-- --------------------------------------------------------

--
-- Structure de la table `groups`
--

CREATE TABLE `groups` (
  `id` int(11) NOT NULL,
  `name` text NOT NULL
) ENGINE=InnoDB DEFAULT CHARSET=utf8mb4 COLLATE=utf8mb4_general_ci;

--
-- Déchargement des données de la table `groups`
--

INSERT INTO `groups` (`id`, `name`) VALUES
(1, 'Bachelor 1ére Année'),
(2, 'Bachelor 2éme Année'),
(3, 'Bachelor 3éme Année');

-- --------------------------------------------------------

--
-- Structure de la table `group_persons`
--

CREATE TABLE `group_persons` (
  `id` int(11) NOT NULL,
  `person_id` int(11) NOT NULL,
  `group_id` int(11) NOT NULL,
  `is_referent` tinyint(1) NOT NULL DEFAULT 0
) ENGINE=InnoDB DEFAULT CHARSET=utf8mb4 COLLATE=utf8mb4_general_ci;

--
-- Déchargement des données de la table `group_persons`
--

INSERT INTO `group_persons` (`id`, `person_id`, `group_id`, `is_referent`) VALUES
(2, 232, 1, 0),
(3, 84, 1, 0),
(4, 103, 2, 0),
(5, 140, 3, 0),
(6, 173, 2, 0),
(7, 216, 2, 0),
(8, 219, 3, 0),
(9, 60, 3, 0),
(10, 33, 3, 0),
(11, 104, 3, 0),
(12, 132, 2, 0),
(13, 41, 3, 0),
(14, 155, 1, 0),
(15, 162, 1, 0),
(16, 78, 3, 0),
(17, 147, 2, 0),
(18, 89, 1, 0),
(19, 9, 1, 0),
(20, 175, 1, 0),
(21, 158, 3, 0),
(22, 25, 2, 0),
(23, 33, 1, 0),
(24, 10, 2, 0),
(25, 220, 2, 0),
(26, 173, 2, 0),
(27, 178, 3, 0),
(28, 221, 3, 0),
(29, 150, 2, 0),
(30, 172, 1, 0),
(31, 23, 3, 0),
(32, 135, 1, 0),
(33, 112, 1, 0),
(34, 123, 1, 0),
(35, 92, 1, 0),
(36, 122, 2, 0),
(37, 76, 2, 0),
(38, 123, 3, 0),
(39, 184, 3, 0),
(40, 252, 3, 0),
(41, 16, 2, 0),
(42, 178, 2, 0),
(43, 187, 3, 0),
(44, 36, 1, 0),
(45, 174, 2, 0),
(46, 225, 2, 0),
(47, 197, 2, 0),
(48, 54, 1, 0),
(49, 71, 1, 0),
(50, 135, 3, 0),
(51, 132, 2, 0),
(52, 161, 3, 0),
(53, 213, 2, 0),
(54, 220, 2, 0),
(55, 102, 3, 0),
(56, 150, 2, 0),
(57, 253, 2, 0),
(58, 27, 2, 0),
(59, 55, 3, 0),
(60, 174, 2, 0),
(61, 179, 2, 0),
(62, 94, 3, 0),
(63, 63, 2, 0),
(64, 180, 1, 0),
(65, 117, 1, 0),
(66, 175, 3, 0),
(67, 104, 2, 0),
(68, 176, 2, 0),
(69, 141, 3, 0),
(70, 101, 3, 0),
(71, 24, 2, 0),
(72, 83, 2, 0),
(73, 72, 3, 0),
(74, 242, 3, 0),
(75, 126, 2, 0),
(76, 54, 1, 0),
(77, 211, 2, 0),
(78, 5, 1, 0),
(79, 121, 3, 0),
(80, 72, 3, 0),
(81, 193, 2, 0),
(82, 28, 2, 0),
(83, 130, 3, 0),
(84, 198, 3, 0),
(85, 181, 2, 0),
(86, 220, 3, 0),
(87, 225, 2, 0),
(88, 25, 2, 0),
(89, 70, 3, 0),
(90, 131, 1, 0),
(91, 258, 1, 0),
(92, 260, 2, 0),
(93, 263, 3, 0),
(94, 271, 1, 1),
(95, 272, 2, 1),
(96, 273, 3, 1),
(97, 274, 1, 0);

-- --------------------------------------------------------

--
-- Structure de la table `persons`
--

CREATE TABLE `persons` (
  `id` int(11) NOT NULL,
  `last_name` text NOT NULL,
  `first_name` text NOT NULL,
  `address` text NOT NULL,
  `zip_code` text DEFAULT NULL,
  `city` text NOT NULL,
  `phone` text NOT NULL,
  `type` int(11) NOT NULL
) ENGINE=InnoDB DEFAULT CHARSET=utf8mb4 COLLATE=utf8mb4_general_ci;

--
-- Déchargement des données de la table `persons`
--

INSERT INTO `persons` (`id`, `last_name`, `first_name`, `address`, `zip_code`, `city`, `phone`, `type`) VALUES
(1, 'Note', 'Sheilah', '34 Bobwhite Center', '13720-000', 'São José do Rio Pardo', '2573303882', 1),
(2, 'Rosenstock', 'Buddy', '2 Badeau Trail', '5708', 'Alice', '9198159841', 1),
(3, 'Lamlin', 'Frederik', '547 Sloan Parkway', 'T0C', 'Norfolk County', '1453354761', 1),
(4, 'Brazer', 'Rorie', '1 Quincy Circle', '739 39', 'Lučina', '8444280083', 1),
(5, 'Fellnee', 'Easter', '478 Aberg Road', '05-220', 'Zielonka', '1143759210', 1),
(6, 'Silkstone', 'Claudianus', '95874 Pepper Wood Plaza', '289-3182', 'Yōkaichiba', '8202886618', 1),
(7, 'Wreiford', 'Dillon', '8735 Parkside Lane', '9754', 'Aliwal North', '8938974453', 1),
(8, 'Coatts', 'Ferd', '991 Merrick Center', '41190', 'Ban Dung', '4209179137', 1),
(9, 'Eaves', 'Mortie', '33224 Sutteridge Point', '20601', 'Naranjo', '5921933252', 1),
(10, 'Fraczek', 'Page', '87 Susan Plaza', '3008', 'Pangpang', '9351339958', 1),
(11, 'Greenroad', 'Leesa', '25581 Dryden Junction', '96640-000', 'Rio Pardo', '3634569871', 1),
(12, 'Zini', 'Konstance', '383 Straubel Circle', '366703', 'Bamut', '6497760039', 1),
(13, 'Houlton', 'Merna', '29653 Hayes Road', '3025-389', 'Lamarosa', '8702539960', 1),
(14, 'Canacott', 'Catherine', '5621 Kensington Junction', '152295', 'Burmakino', '9975390523', 1),
(15, 'Kneebone', 'Glenna', '083 Fair Oaks Alley', '14260', 'Miguel Hidalgo', '7969287427', 1),
(16, 'Doswell', 'Brnaby', '677 Sycamore Way', 'L-9780', 'Wincrange', '2826618409', 1),
(17, 'Pesselt', 'Evie', '72 Eagan Parkway', '85884-000', 'Medianeira', '9325037817', 1),
(18, 'Vanyukov', 'Martynne', '943 Bayside Street', '645 51', 'Strängnäs', '3487506954', 1),
(19, 'Matejovsky', 'Tybalt', '7728 Express Road', '87024', 'Azteca', '4974070920', 1),
(20, 'McGreil', 'Desiri', '0 Oxford Point', '35620-000', 'Abaeté', '9338765181', 1),
(21, 'Huleatt', 'Celestia', '596 David Trail', '394961', 'Muchkapskiy', '1977994801', 1),
(22, 'Hamstead', 'Leonerd', '6160 Delaware Circle', '87500-000', 'Umuarama', '9024137461', 1),
(23, 'Sailor', 'Dehlia', '6 Packers Street', '5140-058', 'Carrazeda de Ansiães', '3845824659', 1),
(24, 'Gonzalo', 'Gabriela', '217 Bonner Street', '06721 CEDEX', 'Saint-Laurent-du-Var', '5026223146', 1),
(25, 'Coffelt', 'Selig', '0 1st Alley', '7737', 'Steinkjer', '7483121405', 1),
(26, 'Timmes', 'Giana', '01178 Jenifer Circle', '20016', 'Washington', '7035472923', 1),
(27, 'Duval', 'Gauthier', '72 Colorado Circle', '78014 CEDEX', 'Versailles', '1077040027', 1),
(28, 'Nolton', 'Riva', '056 Corben Lane', '31119', 'Atlanta', '7706392062', 1),
(29, 'Hallyburton', 'Roderigo', '7692 Memorial Junction', '301260', 'Kireyevsk', '8931850754', 1),
(30, 'Gunnell', 'Vick', '05 Oriole Way', '60200', 'Kuliyapitiya', '8562297354', 1),
(31, 'Ead', 'Dew', '6794 Elgar Junction', '18720-000', 'Paranapanema', '3624245114', 1),
(32, 'Fermor', 'Maura', '173 Utah Parkway', '01-517', 'Gierłoż', '5995668456', 1),
(33, 'O\'Cahill', 'Tristam', '4492 Haas Place', '641115', 'Shumikha', '3414821295', 1),
(34, 'Badby', 'Stevena', '530 Parkside Parkway', '8422', 'Santa Monica', '9604537317', 1),
(35, 'Farbrace', 'Catlin', '21484 Hayes Street', '4900-005', 'Viana do Castelo', '2552792469', 1),
(36, 'Cockerham', 'Milton', '9 Red Cloud Trail', '9319', 'Calanogas', '8275327345', 1),
(37, 'McMurrugh', 'Tommy', '75769 Sage Drive', '89862-000', 'Entre Rios', '8763741863', 1),
(38, 'Ozintsev', 'Jacinthe', '8 6th Park', '186660', 'Loukhi', '8226492587', 1),
(39, 'McRae', 'Derron', '25 Shopko Alley', '8702', 'La Fortuna', '5951031432', 1),
(40, 'Hebbes', 'Alfie', '8980 Buhler Alley', '11355', 'Flushing', '9175924853', 1),
(41, 'Fleg', 'Burr', '3694 Monument Road', '457151', 'Volokonovka', '6461565299', 1),
(42, 'Crowley', 'Ellis', '64 Straubel Road', '10009', 'New York City', '2126359703', 1),
(43, 'Gwinnett', 'Sibella', '067 Summer Ridge Avenue', '83901', 'Juuka', '7582288351', 1),
(44, 'Shillitto', 'Sascha', '06 Ludington Center', '67260', 'Wichita', '3162129228', 1),
(45, 'Hames', 'Ashil', '11079 School Street', '13937 CEDEX 20', 'Marseille', '7597210922', 1),
(46, 'Mollison', 'Maggy', '40609 Graedel Plaza', '4511', 'Bairan', '1694605601', 1),
(47, 'Rheubottom', 'Mei', '9490 American Crossing', '8303', 'Bayabas', '7953279841', 1),
(48, 'Kynton', 'Bay', '57 Alpine Court', '386250', 'Nesterovskaya', '6288566710', 1),
(49, 'Chazotte', 'Mandel', '3 Kings Alley', '1101', 'Oslo', '9058582294', 1),
(50, 'Leipelt', 'Britteny', '7 Sachs Center', '057418', 'Chigorodó', '3439677174', 1),
(51, 'Seed', 'Cynde', '79 Mitchell Crossing', 'K7V', 'Renfrew', '2107344691', 1),
(52, 'Seggie', 'Devon', '04 Bultman Lane', '88610', 'Kota Kinabalu', '3546905920', 1),
(53, 'de Keep', 'Baxter', '9186 Victoria Hill', '11508', 'Mao', '4396813510', 1),
(54, 'Fermor', 'Maura', '173 Utah Parkway', '01-517', 'Gierłoż', '5995668456', 1),
(55, 'Folk', 'Sibley', '65 Continental Road', NULL, 'Socos', '1565235948', 1),
(56, 'O\'Cahill', 'Tristam', '4492 Haas Place', '641115', 'Shumikha', '3414821295', 1),
(57, 'Jolliman', 'Eulalie', '8 Holmberg Trail', NULL, 'Hutou', '5426524618', 1),
(58, 'Blue', 'Tuckie', '8686 Cordelia Pass', NULL, 'Tais', '7868748314', 1),
(59, 'Badby', 'Roger', '530 Parkside Parkway', '8422', 'Santa Monica', '9604537317', 1),
(60, 'Kemsley', 'Peg', '38958 Morning Lane', NULL, 'Cikai', '7792698429', 1),
(61, 'Catlette', 'Batsheva', '0907 Ronald Regan Lane', NULL, 'Shanghu', '7242865520', 1),
(62, 'Lambole', 'Gabriel', '411 Waywood Alley', NULL, 'Morant Bay', '6598705174', 1),
(63, 'Farbrace', 'Catlin', '21484 Hayes Street', '4900-005', 'Viana do Castelo', '2552792469', 1),
(64, 'Dobbson', 'Silvia', '56304 Rieder Drive', NULL, 'Ganhe', '9304704924', 1),
(65, 'Bulstrode', 'Raynard', '2 Rusk Terrace', NULL, 'Oum Hadjer', '5336919459', 1),
(66, 'Magne', 'Celinka', '30046 Briar Crest Crossing', NULL, 'Tumbi', '2844858112', 1),
(67, 'Cockerham', 'Milton', '9 Red Cloud Trail', '9319', 'Calanogas', '8275327345', 1),
(68, 'Pestricke', 'Huntlee', '66 Barnett Trail', NULL, 'Chornobay', '4198741859', 1),
(69, 'Withey', 'Lenette', '5 Del Sol Place', NULL, 'Shaxi', '4141044597', 1),
(70, 'Burdon', 'Sonny', '507 New Castle Trail', NULL, 'Ölgiy', '9182818319', 1),
(71, 'McMurrugh', 'Tommy', '75769 Sage Drive', '89862-000', 'Entre Rios', '8763741863', 1),
(72, 'Ozintsev', 'Jacinthe', '8 6th Park', '186660', 'Loukhi', '8226492587', 1),
(73, 'Freeberne', 'Virgil', '8 Cambridge Circle', NULL, 'Ludu', '2643707770', 1),
(74, 'Cleghorn', 'Ava', '15800 Algoma Terrace', NULL, 'Monastir', '1449418104', 1),
(75, 'McRae', 'Derron', '25 Shopko Alley', '8702', 'La Fortuna', '5951031432', 1),
(76, 'Hebbes', 'Alfie', '8980 Buhler Alley', '11355', 'Flushing', '9175924853', 1),
(77, 'Rhucroft', 'Tasia', '8 Clemons Court', NULL, 'Cermee', '4808917915', 1),
(78, 'Fleg', 'Burr', '3694 Monument Road', '457151', 'Volokonovka', '6461565299', 1),
(79, 'Evert', 'Lula', '7298 Lien Plaza', NULL, 'At Tawāhī', '7229808921', 1),
(80, 'Duckitt', 'Consalve', '7 Farwell Alley', NULL, 'Tanjung', '1166922998', 1),
(81, 'Dainter', 'Xena', '276 8th Terrace', NULL, 'Qushi’an', '2574483027', 1),
(82, 'Salzberg', 'Dominique', '20696 Fair Oaks Avenue', NULL, 'Baisha', '4484161463', 1),
(83, 'Crowley', 'Ellis', '64 Straubel Road', '10009', 'New York City', '2126359703', 1),
(84, 'Wherrett', 'Kizzee', '1300 Superior Alley', NULL, 'Herāt', '2209567396', 1),
(85, 'Feak', 'Sheridan', '9 Myrtle Street', NULL, 'Sangkulirang', '4184565744', 1),
(86, 'Keogh', 'Sonny', '507 Upham Park', NULL, 'Áno Sýros', '1052543208', 1),
(87, 'Trinke', 'Leonid', '8277 Barnett Point', NULL, 'Sidon', '7256643781', 1),
(88, 'Gwinnett', 'Sibella', '067 Summer Ridge Avenue', '83901', 'Juuka', '7582288351', 1),
(89, 'Shillitto', 'Sascha', '06 Ludington Center', '67260', 'Wichita', '3162129228', 1),
(90, 'Hames', 'Ashil', '11079 School Street', '13937 CEDEX 20', 'Marseille', '7597210922', 1),
(91, 'Mollison', 'Maggy', '40609 Graedel Plaza', '4511', 'Bairan', '1694605601', 1),
(92, 'Rheubottom', 'Mei', '9490 American Crossing', '8303', 'Bayabas', '7953279841', 1),
(93, 'Colclough', 'Dedie', '42918 Elmside Drive', NULL, 'Wangcun', '2328436201', 1),
(94, 'Kynton', 'Bay', '57 Alpine Court', '386250', 'Nesterovskaya', '6288566710', 1),
(95, 'Charville', 'Arlan', '1217 Stang Alley', NULL, 'Xinpu', '4965219779', 1),
(96, 'Brettelle', 'Sutherlan', '7159 Beilfuss Pass', NULL, 'Indramayu', '7079401010', 1),
(97, 'Martyn', 'Arleyne', '6941 Anniversary Terrace', NULL, 'Al Jīzah', '7188353919', 1),
(98, 'Crummy', 'Wylie', '62541 Mandrake Trail', NULL, 'Dorp Antriol', '2431436981', 1),
(99, 'Wherrit', 'Rich', '41710 Dakota Park', NULL, 'Chishui', '1819808408', 1),
(100, 'Chazotte', 'Mandel', '3 Kings Alley', '1101', 'Oslo', '9058582294', 1),
(101, 'Leipelt', 'Britteny', '7 Sachs Center', '057418', 'Chigorodó', '3439677174', 1),
(102, 'Seed', 'Cynde', '79 Mitchell Crossing', 'K7V', 'Renfrew', '2107344691', 1),
(103, 'Seggie', 'Devon', '04 Bultman Lane', '88610', 'Kota Kinabalu', '3546905920', 1),
(104, 'de Keep', 'Baxter', '9186 Victoria Hill', '11508', 'Mao', '4396813510', 1),
(105, 'Meriot', 'Kordula', '0425 Truax Crossing', NULL, 'Weiyuankou', '8016419674', 1),
(106, 'Wellbeloved', 'Juieta', '32 Susan Trail', '8201', 'Tarragona', '6496399412', 1),
(107, 'Hirthe', 'Quintilla', '3184 Mallard Pass', NULL, 'Ceper', '6132019834', 1),
(108, 'Kirkwood', 'Elayne', '28546 Westridge Terrace', NULL, 'Tengah', '9457154513', 1),
(109, 'Vyvyan', 'Stephana', '28 Burrows Drive', '26620', 'Pekan', '8961724428', 1),
(110, 'Cowper', 'Guthry', '02305 Mccormick Junction', NULL, 'Weiyanggong', '8153065019', 1),
(111, 'Pitchers', 'Kara-lynn', '4 Fair Oaks Terrace', '15274', 'Pittsburgh', '4125708096', 1),
(112, 'Aries', 'Lina', '65 Merry Way', '4815-668', 'Santo Adrião Vizela', '4534649626', 1),
(113, 'Poulgreen', 'Braden', '2 Waubesa Terrace', NULL, 'Krasni Okny', '8961011905', 1),
(114, 'Senescall', 'Amerigo', '0 Kingsford Avenue', NULL, 'Ngã Bảy', '4017841271', 1),
(115, 'Cobbald', 'Ewan', '8 Cody Street', NULL, 'Jantake', '6157376661', 1),
(116, 'Pelfer', 'Mathe', '2 Burrows Hill', '142843', 'Mikhnëvo', '8374276439', 1),
(117, 'Windous', 'Bobby', '1 Eliot Crossing', '881 52', 'Sollefteå', '4681699491', 1),
(118, 'Hunnybun', 'Judith', '704 Beilfuss Street', '85923 CEDEX 9', 'La Roche-sur-Yon', '3846668759', 1),
(119, 'Kyte', 'Loleta', '53 7th Circle', '4147', 'Midrand', '4276513963', 1),
(120, 'O Sullivan', 'Tedda', '15 Northland Hill', NULL, 'Tinghir', '6598789857', 1),
(121, 'Doberer', 'Reggis', '6 Grasskamp Road', '3505', 'Sagang', '2055852057', 1),
(122, 'Senchenko', 'Penelope', '9 Kensington Terrace', NULL, 'Gabès', '4882052177', 1),
(123, 'Clew', 'Giselle', '620 Hagan Junction', NULL, 'Sanban', '5356724981', 1),
(124, 'Pashley', 'Hebert', '561 Declaration Parkway', NULL, 'Korisós', '8384097316', 1),
(125, 'Roostan', 'Waylen', '6 Lotheville Trail', '41-106', 'Siemianowice Śląskie', '3473399388', 1),
(126, 'Mosdell', 'Kalil', '63 Division Avenue', NULL, 'Kubang', '9684556923', 1),
(127, 'Matterdace', 'Sigismond', '19201 American Lane', NULL, 'Ogwashi-Uku', '6521333394', 1),
(128, 'Wrathmell', 'Tom', '9149 Pleasure Road', NULL, 'Changlin', '7461471682', 1),
(129, 'Shimuk', 'Mariquilla', '2361 Hoepker Place', NULL, 'Līvāni', '6602222339', 1),
(130, 'Ellerker', 'Winni', '943 Sauthoff Circle', NULL, 'Pasaje', '6088694097', 1),
(131, 'Rankling', 'Carmelita', '5671 Mifflin Park', NULL, 'Morón', '2527231618', 1),
(132, 'Gouinlock', 'Kathleen', '1 Jana Trail', NULL, 'Vitebsk', '2338403257', 1),
(133, 'Biever', 'Town', '4474 Declaration Road', NULL, 'Xincheng Chengguanzhen', '2487591651', 1),
(134, 'Mayo', 'Concettina', '35 Thompson Street', '7008', 'Camangcamang', '1306524517', 1),
(135, 'Phillps', 'Galvin', '58369 Haas Road', '45585-000', 'Itagibá', '3502288109', 1),
(136, 'Sitford', 'Elberta', '795 Muir Terrace', '362049', 'Vladikavkaz', '7109084560', 1),
(137, 'Crosham', 'Moise', '18406 Westridge Alley', '3517', 'Mabuttal East', '3524183977', 1),
(138, 'Oddey', 'Hunt', '37743 Brentwood Lane', '7920-015', 'Alvito', '8113750540', 1),
(139, 'Steinson', 'Terza', '15838 Cambridge Crossing', NULL, 'Lucun', '9965910415', 1),
(140, 'Rack', 'Tammi', '15 Morningstar Center', '79550-000', 'Costa Rica', '8729172790', 1),
(141, 'Skein', 'Korry', '4 Southridge Circle', '6015', 'Ålesund', '5179482737', 1),
(142, 'Bownde', 'Delano', '159 School Street', NULL, 'Pasirbitung', '6492663564', 1),
(143, 'Puddefoot', 'Winston', '6554 Mockingbird Place', '26-330', 'Żarnów', '9178928724', 1),
(144, 'Bonifant', 'Cobby', '207 Starling Road', NULL, 'Maralal', '5423255716', 1),
(145, 'Jedrys', 'Herold', '1998 Morningstar Street', '2231', 'Shibganj', '1399645754', 1),
(146, 'Wrettum', 'Stephana', '34 Daystar Hill', NULL, 'Longmen', '6888096324', 1),
(147, 'Tick', 'Yuma', '71 Northport Hill', '97500', 'Saint-Pierre', '8239518538', 1),
(148, 'Nunns', 'Nicolis', '8735 Express Avenue', NULL, 'Sukamantri Satu', '7623365902', 1),
(149, 'Grimsdith', 'Rodie', '7066 South Hill', '6550', 'Cabucgayan', '8897256011', 1),
(150, 'Papa', 'Daloris', '935 Bluejay Street', NULL, 'Armenia', '9353421209', 1),
(151, 'Kealey', 'Penny', '3524 Bultman Lane', '407 61', 'Staré Křečany', '9498325642', 1),
(152, 'Gutierrez', 'Randa', '10 Westridge Park', NULL, 'Chengjiao', '8615185791', 1),
(153, 'Backshill', 'Bianka', '81790 Buhler Trail', NULL, 'Stepanovićevo', '8009324985', 1),
(154, 'McKendry', 'Pancho', '453 Ryan Crossing', NULL, 'Nakajah', '2466070022', 1),
(155, 'Firminger', 'Dacey', '557 Bluestem Crossing', '7866', 'Westport', '2966065452', 1),
(156, 'Gouldie', 'Carleton', '60588 Welch Circle', NULL, 'H̱olon', '7431562226', 1),
(157, 'Domel', 'Gannon', '17949 Lerdahl Trail', '55150-000', 'Belo Jardim', '2988229931', 1),
(158, 'Loachhead', 'Pauli', '1 Schurz Pass', NULL, 'Al Mushannaf', '3039288936', 1),
(159, 'Bunning', 'Joana', '7277 Schmedeman Circle', '4495-155', 'Navais', '3862854716', 1),
(160, 'Brannigan', 'Winthrop', '4 Lakewood Gardens Drive', NULL, 'Yangtan', '5006163858', 1),
(161, 'Bendtsen', 'Rodina', '3 David Point', NULL, 'Baryshivka', '9247322061', 1),
(162, 'Unworth', 'Bev', '8 Schurz Terrace', NULL, 'Sindanghayu', '5707295105', 1),
(163, 'McDonagh', 'Ailsun', '71 Sundown Court', '154047', 'Sáchica', '1467709444', 1),
(164, 'Heaker', 'Randal', '1 Melby Trail', '692 32', 'Kumla', '5706923380', 1),
(165, 'Lowing', 'Nollie', '563 Jana Lane', NULL, 'Bagorejo', '7871207576', 1),
(166, 'Buddock', 'Kandy', '6107 Main Court', NULL, 'Krolevets’', '4843776268', 1),
(167, 'Tokley', 'Conny', '8797 Mosinee Pass', NULL, 'Jianxin', '4764809878', 1),
(168, 'Coughlan', 'Leroi', '9875 Farmco Parkway', '2327', 'Rogoza', '2214945928', 1),
(169, 'Musto', 'Stephie', '72777 Clarendon Trail', NULL, 'Pojok', '7247226013', 1),
(170, 'Creboe', 'Layne', '0 Karstens Drive', NULL, 'Muke', '7802305967', 1),
(171, 'MacDunleavy', 'Deeann', '7317 Huxley Hill', '742 91', 'Östhammar', '8937486382', 1),
(172, 'Lehrian', 'Marmaduke', '70 Fieldstone Court', '393479', 'Uvarovo', '9346227631', 1),
(173, 'Deards', 'Jessey', '7212 Derek Junction', '51005', 'Ceuta', '7205794298', 1),
(174, 'Neem', 'Westley', '634 Blue Bill Park Way', '28570-000', 'Itaocara', '2868361771', 1),
(175, 'Tudbald', 'Siffre', '277 Novick Junction', '03003', 'Pastores', '5299746526', 1),
(176, 'Stains', 'Cal', '630 Monument Point', NULL, 'Yayao', '2213640167', 1),
(177, 'Pococke', 'Seamus', '2 Nevada Junction', NULL, 'Massenya', '7474822273', 1),
(178, 'Gear', 'Franz', '6 Mockingbird Street', '1801', 'Mabiton', '7232457828', 1),
(179, 'Toderi', 'Conway', '7 Cordelia Avenue', '623311', 'Sarana', '8629791146', 1),
(180, 'Tobin', 'Dinnie', '65 Bonner Terrace', '682860', 'Vanino', '3177234214', 1),
(181, 'Petren', 'Maury', '4342 Hoard Hill', NULL, 'Verenchanka', '3231397393', 1),
(182, 'St. Ledger', 'Petronilla', '65211 Bashford Lane', NULL, 'Satipo', '5657614482', 1),
(183, 'Skryne', 'Shirlee', '86 Chinook Way', NULL, 'Xinjian', '2772330003', 1),
(184, 'Jahnisch', 'Leeanne', '9 Arapahoe Alley', '11130', 'Bangkok', '1515764292', 1),
(185, 'Yockney', 'Damara', '1 Fremont Drive', NULL, 'Simpang', '2358631743', 1),
(186, 'Probetts', 'Gaylor', '6 Ridgeview Alley', NULL, 'Elele', '6625316001', 1),
(187, 'Standring', 'Beitris', '0433 Golden Leaf Park', NULL, 'Hancheng', '6271530226', 1),
(188, 'Atmore', 'Yvette', '2443 Elka Terrace', '68660-000', 'São Miguel do Guamá', '4498047353', 1),
(189, 'Leisk', 'Paton', '42887 Gulseth Junction', '1804', 'Alkmaar', '2129575699', 1),
(190, 'Radnage', 'Augustin', '7322 Vernon Hill', '659391', 'Sorokino', '2013439042', 1),
(191, 'Mackison', 'Gordie', '8 Southridge Way', '930-2111', 'Kamakura', '6673529712', 1),
(192, 'MacCorley', 'Liesa', '096 Ohio Hill', '91881 CEDEX', 'Massy', '7052858337', 1),
(193, 'Remer', 'Art', '2114 Moose Hill', '88564', 'Kota Kinabalu', '2197451187', 1),
(194, 'Matej', 'Millisent', '57 Pawling Circle', NULL, 'Al Jīzah', '7046711536', 1),
(195, 'Skaif', 'Arlin', '77 Jenifer Drive', '06-320', 'Baranowo', '2181369276', 1),
(196, 'Astles', 'Faythe', '2760 West Pass', '793 51', 'Kněžpole', '2983521894', 1),
(197, 'Turle', 'Leland', '2 Victoria Lane', '446378', 'Novosemeykino', '1093246153', 1),
(198, 'Tilney', 'Madelina', '4551 Stang Parkway', '756 55', 'Dolní Bečva', '7383747367', 1),
(199, 'Bedrosian', 'Luce', '3 Cottonwood Plaza', '62-511', 'Kramsk', '1677182674', 1),
(200, 'Potzold', 'Link', '7578 Melvin Alley', '6718', 'Szeged', '9942673434', 1),
(201, 'Goede', 'Herc', '047 Anzinger Drive', '0800', 'Agpangi', '7146591669', 1),
(202, 'Duberry', 'Tiffie', '7489 Rockefeller Hill', NULL, 'Ranchuelo', '4393613504', 1),
(203, 'Redgewell', 'Dalia', '15898 Dayton Trail', '4625-361', 'Prado', '3855571031', 1),
(204, 'Floweth', 'Brose', '1 Dayton Road', NULL, 'Palebunan', '7423579742', 1),
(205, 'Swadling', 'Audry', '0 John Wall Lane', NULL, 'Vurğun', '5632911534', 1),
(206, 'Marin', 'Monro', '4 Moulton Hill', NULL, 'Famagusta', '3103554179', 1),
(207, 'Joselevitch', 'Milena', '12 Manufacturers Way', NULL, 'Xinjiang', '2036701512', 1),
(208, 'Pocock', 'Benji', '0669 Main Terrace', '3440-635', 'Nagosela', '8906481649', 1),
(209, 'Targett', 'Anna-maria', '7910 Sherman Lane', '4605-491', 'Vale', '1092020039', 1),
(210, 'Pitts', 'Frannie', '52601 Sycamore Parkway', '73-231', 'Krzęcin', '4665949383', 1),
(211, 'Lamcken', 'Philippe', '92012 Green Crossing', NULL, 'Shanghu', '7815102786', 1),
(212, 'Laurenz', 'Margaret', '7322 Maple Court', '601107', 'Zhavoronki', '9959321931', 1),
(213, 'Minucci', 'Heddie', '9 New Castle Crossing', NULL, 'Pocrí', '8731895525', 1),
(214, 'Oultram', 'Inge', '36 Colorado Road', NULL, 'Muyi', '9795020168', 1),
(215, 'Valder', 'Aindrea', '97 Logan Circle', '273058', 'Nóvita', '1533066736', 1),
(216, 'Vaskov', 'Dane', '9844 Westport Lane', '73210', 'Ghāro', '9255730474', 1),
(217, 'Hun', 'Poppy', '91 Service Point', '7019', 'Tucuran', '4252182537', 1),
(218, 'Fathers', 'Reider', '749 Oxford Alley', NULL, 'Dengmu', '2352534625', 1),
(219, 'Cropp', 'Kaila', '7269 Macpherson Circle', '14009', 'San Pedro Jocopilas', '6621287968', 1),
(220, 'Cutler', 'Steffen', '90693 High Crossing Crossing', '2477', 'Trŭn', '3746949693', 1),
(221, 'Wooler', 'Elana', '299 Loeprich Point', '593 30', 'Västervik', '6199908209', 1),
(222, 'Horning', 'Grace', '93 Summit Trail', '3510-868', 'Vila Chã do Monte', '7778271461', 1),
(223, 'Easdon', 'Wes', '7716 Kipling Plaza', NULL, 'Baiquesi', '8002227697', 1),
(224, 'Bellas', 'Mira', '5 Crescent Oaks Drive', NULL, 'Gaoqiao', '8483589381', 1),
(225, 'Weal', 'Elbertina', '589 Sachs Trail', '152 07', 'Södertälje', '6043404169', 1),
(226, 'Ellcock', 'Delmore', '9 Sachtjen Avenue', NULL, 'Huxi', '5689881056', 1),
(227, 'Frapwell', 'Heidi', '49067 Nelson Crossing', '663140', 'Kungur', '2594564506', 1),
(228, 'Kirdsch', 'Earlie', '26 Meadow Vale Point', NULL, 'Majin', '3794883189', 1),
(229, 'Tethcote', 'Evey', '35420 Namekagon Center', '17121', 'Harrisburg', '7173786748', 1),
(230, 'Egginton', 'Janel', '6 Clarendon Trail', NULL, 'Ijero-Ekiti', '8521176617', 1),
(231, 'Nye', 'Tanny', '5663 Hovde Street', NULL, 'La Labor', '4405528073', 1),
(232, 'Ramet', 'Simone', '38776 Oakridge Street', NULL, 'Dongling', '6772422652', 1),
(233, 'Wilbore', 'Aurore', '53 Monica Pass', '399-8303', 'Hotaka', '9502124933', 1),
(234, 'Gavriel', 'Lay', '9 Hayes Crossing', '745 44', 'Enköping', '5652487796', 1),
(235, 'Fyldes', 'Noemi', '552 Starling Point', NULL, 'Mílos', '9964676808', 1),
(236, 'Oram', 'Kerk', '15 Eagan Pass', '29404 CEDEX', 'Landivisiau', '9431346870', 1),
(237, 'Lewknor', 'Miguel', '7 Stephen Lane', NULL, 'Adirejo', '4726523262', 1),
(238, 'Yeatman', 'Clerissa', '42 Kropf Point', NULL, 'Ḩawallī', '3385480524', 1),
(239, 'Brenton', 'Auberta', '46 Cordelia Plaza', '34-480', 'Jabłonka', '4428139175', 1),
(240, 'Brokenshaw', 'Terra', '70087 Huxley Terrace', NULL, 'Duodaoshi', '1887854461', 1),
(241, 'Delap', 'Harry', '17046 Elmside Trail', NULL, 'Xinhua', '5634378786', 1),
(242, 'Heelis', 'Marnia', '4 Browning Road', '15015 CEDEX', 'Aurillac', '8413047512', 1),
(243, 'Poxson', 'Gregoor', '6 Kim Street', '1114', 'Lourdes', '1763187394', 1),
(244, 'Rodgier', 'Olvan', '2 Mcguire Center', NULL, 'Lingbei', '7884674416', 1),
(245, 'Elijah', 'Roch', '637 Rusk Pass', '445564', 'Severomorsk', '5108095703', 1),
(246, 'Dwerryhouse', 'Thornie', '15428 Blackbird Point', NULL, 'Yangmaogong', '1533009586', 1),
(247, 'St. Queintain', 'Vasily', '1646 Fremont Terrace', '2325', 'Spodnja Hajdina', '3488678940', 1),
(248, 'Zima', 'Hugues', '55 Nova Parkway', '70170', 'Na Khu', '7605414852', 1),
(249, 'McKay', 'Shaylah', '416 International Road', '4178', 'Alderetes', '7699231624', 1),
(250, 'Nichols', 'Konstantin', '393 Mockingbird Center', NULL, 'Vecumnieki', '6903582973', 1),
(251, 'Boig', 'Jerome', '15969 Blue Bill Park Way', '19700-000', 'Paraguaçu Paulista', '4844377419', 1),
(252, 'Heffernon', 'Bethina', '1 Towne Lane', NULL, 'Bokat', '5465046089', 1),
(253, 'Ferroni', 'Kirstin', '7 Logan Plaza', NULL, 'Oenpeotnai', '6548393197', 1),
(254, 'Harmson', 'Cthrine', '11th Floor', '289-3182', 'Yōkaichiba', '599-325-4815', 2),
(255, 'Bellin', 'Malcolm', 'Apt 1249', NULL, 'Heqiao', '599-997-9364', 2),
(256, 'Shirrell', 'Ethelind', 'Suite 46', NULL, 'Luxi', '206-557-5197', 2),
(257, 'Forman', 'Elita', 'Apt 1931', NULL, 'Huage', '831-263-7031', 2),
(258, 'Glynne', 'Joela', 'Suite 21', NULL, 'Changchi', '258-632-9773', 2),
(259, 'Abramsky', 'Siouxie', 'Suite 74', NULL, 'Ciego de Ávila', '432-660-4460', 2),
(260, 'Physic', 'Sherlock', '3rd Floor', '68580-000', 'Itupiranga', '623-959-5404', 2),
(261, 'Sysland', 'Denny', 'Apt 1944', '89110', 'Las Vegas', '702-138-1061', 2),
(262, 'Fowell', 'Charlotte', 'PO Box 31092', NULL, 'Thành Phố Phủ Lý', '990-263-8632', 2),
(263, 'Kolinsky', 'Sim', 'PO Box 41286', NULL, 'Luokeng', '967-283-1630', 2),
(264, 'Cairns', 'Korey', 'Suite 26', NULL, 'Ejigbo', '380-231-0323', 2),
(265, 'Petrichat', 'Marilee', 'Room 430', NULL, 'Baruunturuun', '318-739-8425', 2),
(266, 'Wanklyn', 'Cyrus', 'PO Box 22734', NULL, 'Guanyang', '869-551-7438', 2),
(267, 'Pay', 'Ed', 'Suite 40', '80000', 'Ban Mai', '662-745-6007', 2),
(268, 'Pucker', 'Mortimer', 'Room 526', '89130-000', 'Indaial', '361-794-3617', 2),
(269, 'Barcke', 'Worden', 'PO Box 90420', NULL, 'Longshan', '893-717-8713', 2),
(270, 'Huckel', 'Beatrisa', '16th Floor', NULL, 'Moppo', '545-983-0369', 2),
(271, 'Gebbe', 'Romona', 'Room 401', NULL, 'Qabaqçöl', '147-427-9130', 2),
(272, 'Seaking', 'William', 'Apt 1686', '2730-015', 'Queluz de Baixo', '889-666-9189', 2),
(273, 'Sharpless', 'Twila', '5th Floor', '373 72', 'Lišov', '836-615-7755', 2),
(274, 'Denson', 'Raynard', 'Suite 65', '06854', 'Norwalk', '203-833-1434', 2),
(275, 'Gowthrop', 'Tess', '7th Floor', '2380-506', 'Malhou', '711-217-3334', 2),
(276, 'Learmouth', 'Johann', 'Room 504', '403964', 'Novoanninskiy', '733-686-3390', 2),
(277, 'Haston', 'Kathy', 'Apt 671', '16104 CEDEX', 'Cognac', '676-584-4516', 2),
(278, 'Kupke', 'Starlin', 'PO Box 40762', '352177', 'Temizhbekskaya', '908-371-8815', 2),
(279, 'Croneen', 'Simone', 'PO Box 20040', NULL, 'Wujiayao', '239-225-9914', 2),
(280, 'Dwerryhouse', 'Jamill', 'Suite 49', '5708', 'Alice', '912-632-2604', 2),
(281, 'McHugh', 'Devora', 'Room 1076', '0173', 'Oslo', '108-640-6592', 2),
(282, 'Marrow', 'Fernanda', 'Apt 1801', NULL, 'Jiuheyuan', '370-450-1927', 2),
(283, 'Jupp', 'Ganny', 'Room 773', '13490-000', 'Cordeirópolis', '352-510-8292', 2);

-- --------------------------------------------------------

--
-- Structure de la table `post`
--

CREATE TABLE `post` (
  `id` int(11) NOT NULL,
  `title` text NOT NULL,
  `content` mediumtext NOT NULL,
  `user_id` int(11) NOT NULL
) ENGINE=InnoDB DEFAULT CHARSET=utf8mb4 COLLATE=utf8mb4_general_ci;

-- --------------------------------------------------------

--
-- Structure de la table `resources`
--

CREATE TABLE `resources` (
  `id` int(11) NOT NULL,
  `name` text NOT NULL,
  `type` int(11) NOT NULL
) ENGINE=InnoDB DEFAULT CHARSET=utf8mb4 COLLATE=utf8mb4_general_ci;

--
-- Déchargement des données de la table `resources`
--

INSERT INTO `resources` (`id`, `name`, `type`) VALUES
(1, 'Salle 102', 1),
(2, 'Salle 105', 1),
(3, 'grand amphithéâtre', 2),
(4, 'Salle de formation', 3);

-- --------------------------------------------------------

--
-- Structure de la table `users`
--

CREATE TABLE `users` (
  `id` int(11) NOT NULL,
  `username` text NOT NULL,
  `password` text NOT NULL,
  `email` text NOT NULL,
  `enabled` tinyint(1) NOT NULL
) ENGINE=InnoDB DEFAULT CHARSET=utf8mb4 COLLATE=utf8mb4_general_ci;

--
-- Déchargement des données de la table `users`
--

INSERT INTO `users` (`id`, `username`, `password`, `email`, `enabled`) VALUES
(1, 'lboda', '$2y$10$cwyCEV2CClFzCsgFfj8R/eYWx2ZLmHWvLx9q0vtkzp4P.Bwv8mV7C', 'swhiteley0@wunderground.com', 1),
(2, 'rweathers1', '$2a$04$iZNhzHxi/2AtLQ9JqZAnEOs5d11gVnkmeSlYBT22yQZoOi7Chhk/.', 'lpluck1@i2i.jp', 1),
(3, 'sfrancescotti2', '$2a$04$qmKL2gqBs2tWJDFmZmH26OGW2UmgIGvWtAoJHGeJXwYYO2zYr0mxa', 'nmanzell2@upenn.edu', 1),
(4, 'eburgoine3', '$2a$04$tPmzMu5Yi9ftyxjlX7Hrxuy4e27matSqw7xV..ZEvVYCu5N6FQD7C', 'bloadman3@shutterfly.com', 1),
(5, 'dbateup4', '$2a$04$D95ImX.1uV6ToItfCmgp8ORqGbY.ea4hS5xsYx1oijJFR6fv4BI0S', 'bwordsley4@imdb.com', 1),
(6, 'mharsnipe5', '$2a$04$vbDb/2OIaexQ8adBA7qKb.cDHz4IW8jAT5Rr.rE46Z2rQTaM9XMWK', 'bgiraudot5@mac.com', 1),
(7, 'etytler6', '$2a$04$mi/MwuyGqzqGAPAJxrdU0.LJ7pHHpIGyJTC4YN8SkbWl2qNcon2yO', 'btinham6@mlb.com', 1),
(8, 'bingerman7', '$2a$04$LqvPJdlVL78pz8UcYPbpmuhhxCtMDMpSbwMbCdhNZl0/Q7Nskiwja', 'dmulhall7@list-manage.com', 1),
(9, 'lkinnin8', '$2a$04$4jho2blfTvBbkUuDiBUFvuw4fvsZ7cbzvOOP3pJRQ2JsqfNQ32yQ6', 'alevane8@prweb.com', 1),
(10, 'claurentin9', '$2a$04$y.CMIpXU0ysnAzMT1GHs5uTYTJoP8gKzBhIdlXznjCcT8Yi6ZKb0u', 'mbarde9@wikipedia.org', 1),
(11, 'gbalma', '$2a$04$f3zO.NBmB0OaAzE6KsugZuGTGyZYuGoIlFKS02/fWvBv77o7WgbSy', 'jsneppa@yelp.com', 1),
(12, 'ghymusb', '$2a$04$YdxUpJK/jfwckVYIt0wFuOCcZCIPMa1ktdIG0o5HzwB1D1AecckIa', 'geggintonb@purevolume.com', 0),
(13, 'gpiggremc', '$2a$04$KIVkp1NkwpqYYYo1YPSmlO4pABUKxOZc8gV2YVbDKSvNANjhhjxwa', 'dhallewellc@omniture.com', 1),
(14, 'omeynelld', '$2a$04$wHfCh972o9IGev2DWHfd7un.RrBYuCb4VDZp0Vcy6kxmE/MzdmIJS', 'bhollowd@newyorker.com', 1),
(15, 'jwaynee', '$2a$04$4RMT0SG576TyyaV53tnJrOPCtFtfdZtrpByoddmkMCc.N56GEdFre', 'smacclaye@sbwire.com', 1),
(16, 'kskettf', '$2a$04$DZNzhIDurBuBu2DsUf7s4.nmyOeUvLaVW2B3CnvVZY79Ao1acDODa', 'lbascombef@narod.ru', 1),
(17, 'eceaserg', '$2a$04$X7WCF7M/ybsoEzAkyOUGa.rGZr4gbz9vr.NTu8e9pb6xWNqr0XaHi', 'xabellg@bloglines.com', 1),
(18, 'czavattierih', '$2a$04$7b3T/NbugYERkBruCJfRZOMibeFKJbqv01DVxR0bIGwRBOo8AfhXe', 'mcancotth@weather.com', 1),
(19, 'dhugei', '$2a$04$YfkJ6lENAqCRtjqLexsRD.ESaJoc8K2b.QB2hYgHUGzqEYhx1Bd6.', 'dblinckhornei@a8.net', 1),
(20, 'pblawj', '$2a$04$fRflFSGZKSPTl2tyw16WiuPVrPE8Ld.EVl3T4AAvuUuUdBzY4RikK', 'emangeonj@bluehost.com', 1),
(21, 'editerk', '$2a$04$WboMumNCcDOnD4IAfycYR.kHx8LuG7YNBvo3dznzqjDGkI30HQqru', 'mbraywoodk@weibo.com', 1),
(22, 'rseell', '$2a$04$v6huyMCg8swP6.vNAs7LLuwFAclLLaLgILOYjZ/wGZAoYtrnmF8pG', 'dmcgennisl@addthis.com', 1),
(23, 'sweldm', '$2a$04$EHrDxkDaRvTsEx3PcWmkzuZyJcyW604DXHyKgiu7uiLm6e6enRCSi', 'ggreserm@csmonitor.com', 0),
(24, 'fcaldern', '$2a$04$3nRCZ7uLo1lp22t3dO/AJeIzwO5ywDnCQLOaq47a8uLvze8h/s2aS', 'nwhereatn@instagram.com', 1),
(25, 'adraino', '$2a$04$x35oCzMrfMfIdJoPpUiw7OMOjuPRPtbnnQk2N0ucjb0yIawkluU7m', 'mlindebergo@exblog.jp', 1),
(26, 'pschollp', '$2a$04$PZUHHh/xqDh5rRHrw.9jbOSSYbt9UgMFRlpqa/oSHWu5DYVMMfyP6', 'gpieruccip@jimdo.com', 1),
(27, 'imacarthurq', '$2a$04$WI2XAH8ZHPkgYc8JoC6Hnu.vQoqzIrfnFemAEFAOhPgu0nqxNNNGe', 'rkinnierq@walmart.com', 1),
(28, 'dkrystekr', '$2a$04$uVcFd/YiYxSuZYQygJ/ZXOyr.H1abcbx86OwA1AqtBL8Dp6egjSnG', 'nballaamr@parallels.com', 1),
(29, 'bluckies', '$2a$04$EO4viSmYLiZGlRu.MUoMiO.mkY8ZxUIGl6qup9Bqxnbt.ONGjIQ32', 'padnes@wikispaces.com', 1),
(30, 'kcolpust', '$2a$04$feZJrMKrVvQT9oM4GYcJjuUG1aHBBQlw96hoV1JcOALqy8ItVeRA.', 'mmenhenittt@rakuten.co.jp', 1),
(31, 'hpearceyu', '$2a$04$/BR81ltxG1MW57jqMSLlP.jINwTtP7PaTo7VqgW1QR6cm5oi6jDC.', 'gwilbudu@uiuc.edu', 1),
(32, 'kbrionv', '$2a$04$XlyFA8v.2NCm3fituqEga.FIj9pR8KFqCWki0jwQt/EHGdfBR38B2', 'ikinsellv@prlog.org', 1),
(33, 'jcleavew', '$2a$04$l0E78xuYaaEU3TRuolDHF.mEeHC9gUiSVQZNHbI7KZs0aXZXtMPeG', 'jmethw@wiley.com', 1),
(34, 'fmcshanex', '$2a$04$yXe7fZw6AwiZe53OXQCul.MBGbU9qKdRuZR5Z..FJWP1V7ritpxeK', 'lgodardx@timesonline.co.uk', 1),
(35, 'cethelstoney', '$2a$04$uttlQQ7tmqUFwz3jFiyHzesMj/.fQYCvMqZi45cRVKHp8tuSFEDAm', 'ejewisey@answers.com', 1),
(36, 'astanningz', '$2a$04$c1t3UR5yBnKZeseLhbeV2u5qtDm2TLox9ndg8dIc.Z1ksSH4YI8qy', 'eperazzoz@ehow.com', 1),
(37, 'afehely10', '$2a$04$8LniFALNNqoxYIs1SPMB4.60iQ3X.HEaepDj2m.lX9KgEP6dhP1bS', 'brosetti10@amazonaws.com', 1),
(38, 'scaldera11', '$2a$04$hEG.UFhdMICheLpm0KgEk.mOkXMVaLSAY0FMPRiphy.5zfnBwTIP6', 'mterry11@dell.com', 1),
(39, 'ebonallick12', '$2a$04$bDdNrZ.um.yrpBbF3jc4mu0po2UHUl370R6/.31H2d.60PbQxrsSG', 'kblase12@artisteer.com', 1),
(40, 'ysoar13', '$2a$04$IiFb3tNePRG2kcMAejbl9.9UPLd9.PsQitIqJZap0xv.iSxNoD1QS', 'emarieton13@apple.com', 1),
(41, 'bcolyer14', '$2a$04$yrIEQHznXxznFlH7mNf.I.qUSw7vz1neaQc.ANfje8SUdSo5v8ZPG', 'apiller14@hc360.com', 1),
(42, 'fgregoratti15', '$2a$04$qHy.zFUV3o9TK.0I3gM3BuhysFqSFWC5817X8.jnglh/UnfzlukUu', 'lfisk15@sohu.com', 1),
(43, 'atrowsdall16', '$2a$04$4jrCMerUVuppVSRazDxq5eKVMUaQ.Q7BLWIE12G1FkrH7LXQ8eb36', 'ewakenshaw16@java.com', 1),
(44, 'cleipoldt17', '$2a$04$IUjwNLb4YvqhVnuqcYYqTeOGmfdd50ZGX9HKLzKqBUJ15YxtjzchS', 'vzupone17@virginia.edu', 1),
(45, 'acolliver18', '$2a$04$eQj82VxtsT.i8ZAYY3njreJmkM2krqxL.nWtJoAti6s4nKhVr6Zly', 'jparnell18@noaa.gov', 1),
(46, 'ablanque19', '$2a$04$1x1ypbyfSPR5YKIMLjAI4.zByZSGhzgL2QQZpk4Ddm2QA7uk/LViy', 'dcraxford19@slashdot.org', 1),
(47, 'spietrzyk1a', '$2a$04$wu2Ew8vZMUN9EnQW5oBb7.k8u03tDgHHFDhLjyBKBcIJVvgAE6p2m', 'areuther1a@comsenz.com', 1),
(48, 'sdonnan1b', '$2a$04$YsKMy2Jx./uRm5W9XqK5.uydhOmdZnRuDAnRpoZ2926QKH3AtTbOy', 'mmudge1b@furl.net', 1),
(49, 'achiddy1c', '$2a$04$Gtb35QlHCvxwbYBMmW9khOXGrUjS9DKPCE4Z37YqKQRxjF7t0kK/C', 'rjaquet1c@reverbnation.com', 1),
(50, 'lmacknight1d', '$2a$04$4g0kKM9ZurFNBf1HNvQjLuf.P2dxCr8kxCz4qQ8WvN/BzqNqwWfUe', 'tlaneham1d@paypal.com', 1),
(51, 'helloy1e', '$2a$04$czViOIKfHSfLqtvzH.o5zuuTePTx.ncrVmvOvXJNBtr0noNy4v.Kq', 'gmiroy1e@tinyurl.com', 1),
(52, 'yklehn1f', '$2a$04$zOVLYX8afT/EOevV35dpjuNupWXfLMq9Q7cOzgUy6f5mXJVPka2ha', 'epattingson1f@delicious.com', 1),
(53, 'jkarchowski1g', '$2a$04$cbl0IglqNSO6NIa34HYugOx153oM2TVvPaSYmaQXzVNooaRB4khpG', 'mscrymgeour1g@pinterest.com', 1),
(54, 'wyakebovich1h', '$2a$04$dUx0nYn1ETVDiL3S8CZX4OmAKhZQhUq2dnVgCVA0yjz8O3M2PZXjq', 'ohawket1h@xrea.com', 1),
(55, 'naddicote1i', '$2a$04$xV3sQ81HoeltqGfS8IAPyOUNE8kvZz6EV1KxOsxNESwl6FIZPS2Qa', 'jrishworth1i@amazon.com', 1),
(56, 'aradsdale1j', '$2a$04$ClFUB5N1dOSyl91A/FfUi.jMoGbVPV5OLNZqiu.Nb2/by2hIXGo8.', 'lbeckey1j@webeden.co.uk', 1),
(57, 'aaleevy1k', '$2a$04$dUz4dgYO24XTRro19PHKSe.rfXILcKg8aqamjqzoLgmx4ENicH04W', 'mrowney1k@angelfire.com', 1),
(58, 'kberisford1l', '$2a$04$nUb/synShpZHxA4eX7X25.Q/YqgSj8jh4yRBQ1OtNvmv37/iJ3TnW', 'akryzhov1l@apple.com', 1),
(59, 'sburnes1m', '$2a$04$cq2hJcq7XpZLyebkmmOMIu849mjraAO6OKXbsxtN/.UuQq62kzO6i', 'zskamal1m@dell.com', 1),
(60, 'ehorsewood1n', '$2a$04$EeHPTp9kgdDo2VUegwXMo.LPhWja3tzDdF9.l38MZkWcM1h96.IEe', 'wscola1n@spiegel.de', 1),
(61, 'kpietrusiak1o', '$2a$04$9cQbqJVBUTlWclvE6SWV2ObfA58DuuL13Zb6IKEo0eFjrDd0ni0IO', 'lcannop1o@macromedia.com', 1),
(62, 'bdeppe1p', '$2a$04$YbPlgk1OjbONOfhgGC8JE.06DD.lJ6INapN1mKUSjfbN.EQaQtScG', 'dgamett1p@yellowpages.com', 1),
(63, 'doxburgh1q', '$2a$04$6vRztzJmpNEvkZodyYyaE.YCWvvaXUD.DzY1Fckx/SvbW6iUx5F9K', 'wivanyushkin1q@harvard.edu', 1),
(64, 'efish1r', '$2a$04$.4NfK3.3/BkNyaLy7.MsPedoWEzpWmYoI4VTcy10Y1Yzh2nW6qLk6', 'aklassmann1r@theguardian.com', 1),
(65, 'phaselhurst1s', '$2a$04$IdRyZlGdN9fUSnp7OgxzzeTDWz/MLobFB3QzWKbrr.pl4QpLV0K/.', 'mtarzey1s@chronoengine.com', 1),
(66, 'cfrichley1t', '$2a$04$GI/6JiZq8EzCTwMHIyMiaenvGx5kW00fRxpQM/ltryW6/1A0M3Fze', 'tbasnall1t@elegantthemes.com', 1),
(67, 'egoosey1u', '$2a$04$BA7JPSOqf2Ux1FOAVCchpe33j8Fu7TvWD6ZPqZ7x9E.ESTNnwRdWa', 'ppetti1u@topsy.com', 1),
(68, 'mifill1v', '$2a$04$SsZV8RzD0FWskoPn0YyZ1u3Ud0mJz3q2HLgNLEYSYcqinKbDECk5S', 'msarjent1v@youtube.com', 1),
(69, 'phanscom1w', '$2a$04$Tw7XVTrVPTjlhwR1FwXsx.BQXwr.3fdrB6MOGCL62O562qS9XreiW', 'mpotticary1w@163.com', 1),
(70, 'ecowope1x', '$2a$04$GjEMwW62zlXS34chftjMfOJvQQBIlGBcvVwlYTzZauVrKqHznSP2y', 'dmayhow1x@japanpost.jp', 1),
(71, 'dmenat1y', '$2a$04$mYry5gFZxih.ApOueQxyK.dW0KcLUbGkQqA0If3vWTJ7/UJldYpF2', 'jpee1y@cam.ac.uk', 1),
(72, 'ngadd1z', '$2a$04$uLjDNTNwD1duyQfanXczh.aounDs7LHuTpwKrwqh9sXpM4S.2Gb4m', 'rdrinkeld1z@aboutads.info', 1),
(73, 'rburn20', '$2a$04$aMyw6ijJALuAySXBU4tAHutDs579mUlYJ3WIWkZvI9maMK3mRBzzS', 'agothliff20@time.com', 1),
(74, 'jlathwood21', '$2a$04$YrCcYGMAzpoio7dwzE8WEOaK5HGFvOQ1eRLA4r28VnSysGoKOjfE6', 'dwollrauch21@google.co.uk', 1),
(75, 'fpeepall22', '$2a$04$jFBOsW7zC.qj6R2LObw.QO8e0KuTAILuCtJIuBvIQgJkPDUl65mHy', 'vdjorevic22@fastcompany.com', 1),
(76, 'ucrompton23', '$2a$04$0Yr/Vp/.ZvFhcZY7Yyw14O3ily0BU2Z75kqhvv43DdFo7y0v208hW', 'omarcombe23@bing.com', 1),
(77, 'gmighele24', '$2a$04$/hOOfFBgL9AZJrTVzJCYtOketjsNiPk5BFxOn84lJJgPXP0Pwk2s.', 'mdeex24@loc.gov', 1),
(78, 'xfiorentino25', '$2a$04$PBPwCuSWyr4YTfFQ0sD1veyULo6zarHQ9JInpLVW2nPawRlcjcI96', 'ableby25@cisco.com', 1),
(79, 'lrollason26', '$2a$04$Jz3kSBCIDi9/rac2pH4G7.i8FsWswJ/t4TCh1/gv2v3zfB52kVjpC', 'modowgaine26@linkedin.com', 1),
(80, 'lperse27', '$2a$04$OOlwgGzJxlCIszftbVbmoOodtxvS8BxPb34B806zatM0pHnujnCBe', 'gsandhill27@pen.io', 1),
(81, 'egwatkins28', '$2a$04$fmkrXH1McBSzl2wg95SvzOvycJ.L4pr4UuJsu4ChfP0Z/sEImXDnC', 'kspurdens28@t.co', 1),
(82, 'rdebrett29', '$2a$04$WTewaHkOrsyaRQQAoC8OMeFFrnr12fxm29s4OU54c1B6WADffr5D2', 'sorpen29@moonfruit.com', 1),
(83, 'smilroy2a', '$2a$04$XzyAd3R7L27VO0QeXKnERefaj9PgoDflql5KCI7mApLDwfO6FB2by', 'lgrece2a@ocn.ne.jp', 1),
(84, 'tfritter2b', '$2a$04$VjCLw49SZdH84pCLMx0nmOPglEb81.BV/LxfSd09AAu/EFQDCLJ3y', 'cisakov2b@answers.com', 1),
(85, 'lalison2c', '$2a$04$6r/iQ2I/LzvszYv9glMmeuNjpkGW0DyJaINXioG.p3TA0lVNxL2O6', 'eitzcak2c@earthlink.net', 1),
(86, 'sszymoni2d', '$2a$04$G5lYcZ.bsMvoIpsqPJNofeMTtgDW5VoXSxMzXiD/PhZy0Mcn/pbkC', 'hjain2d@pbs.org', 1),
(87, 'cragat2e', '$2a$04$PF0HqVLbnRrLV1/1i3ITc.xqXDtTfl/sFiQqSLBpR8k4YqDye0UIS', 'ebrokenbrow2e@opensource.org', 1),
(88, 'mguille2f', '$2a$04$GUwrOZaerVjhBlOxe0DFs.hJ2lWalRIaqWj9L2/77VoO8IKzus1Cm', 'mneilus2f@webeden.co.uk', 1),
(89, 'hscrace2g', '$2a$04$YH5bwul7C..eft9hlbHIfORiuAc.EeezS/k4Dcgh3jdgqFvfLi1oO', 'ghallick2g@mediafire.com', 1),
(90, 'ltoopin2h', '$2a$04$TK6y1gNUzPcXzeBZ4F2HceSIKUHI56lJ2PIejcBHu4PD4CUqONepS', 'eranscombe2h@surveymonkey.com', 1),
(91, 'ealsop2i', '$2a$04$IoDJA4O79hxOBa2TJJByJOpVWZgOZE7RB8c5hbHYKXBfIxkvn0VF6', 'ecereceres2i@hostgator.com', 1),
(92, 'bkleinerman2j', '$2a$04$WYF/2GZJHCAwYivgGB72Oe0fK4rDozDb1R20q7NdkjEG7Bi0qEoyW', 'wgoode2j@nydailynews.com', 1),
(93, 'dblodgetts2k', '$2a$04$LKCQa807U955tHJZ.0FThuReTtArbs.wdYXtcFZ8JGr.n.HUFXdui', 'swhitehead2k@eepurl.com', 1),
(94, 'akhotler2l', '$2a$04$MEilw0l8Bzj/k3okRQM0EeZQqUFIDGmdAmsf5nJk3riPl1mshKole', 'awyne2l@baidu.com', 1),
(95, 'ppretley2m', '$2a$04$e9XbSFPbPoz0GCW9HBPZv..JTu19AWhJtshm4EctnEvOIqGsgfX9u', 'bpaolozzi2m@booking.com', 1),
(96, 'asearsby2n', '$2a$04$F9UzjPxaaXJeEmryEZ2TyuqIYf.dsP820DJ9uCSRYxf8UERt6hoxq', 'praulstone2n@cisco.com', 1),
(97, 'hduffer2o', '$2a$04$ILHITFJB.bu2u1FfH9iscOYK/yJiBfkq9coyvFYRzKjp0BzEbYR0e', 'acamamile2o@apache.org', 1),
(98, 'mkuhn2p', '$2a$04$K0GfqiNl3SgRjAce5929YujYbO0ZFvETIzo7wB6jwbO1dUuv6VBEO', 'psainter2p@ocn.ne.jp', 1),
(99, 'wdowse2q', '$2a$04$BX6mwcXI8O7dNVtSIm.1Te5IGvLi5zv9dunSW40jFsXdM6Im7htvW', 'dimison2q@craigslist.org', 1),
(100, 'dtaggett2r', '$2a$04$TjJhfQsljgOqsrfQy3lH4.8wx.4mM6/RwQG7e5clHe4Pw73cDv76y', 'yhedingham2r@cisco.com', 1),
(101, 'sryland2s', '$2a$04$FRyvNHMTQRhgTTCNrSbd9.X00WXM32XaKouJgPVVwfY0K/jfrTSQO', 'tbamsey2s@phoca.cz', 1),
(102, 'fstannislawski2t', '$2a$04$RFauLeD0o/sfOGCTtV2KOOPtZhbRkQIX00h9wRZOKKxGEsPXzSDfG', 'fbrimilcombe2t@comsenz.com', 1),
(103, 'mfleckness2u', '$2a$04$p7t65cvFL4hhPhKDN.hwe.cqFvy1ojmlL8.w0fa3tsPoHFdeLvnUW', 'cdufray2u@addtoany.com', 1),
(104, 'abrettle2v', '$2a$04$dHc9gBKZ6I6f6bWzkrXUAesDukm.4.aY4g2k1bE48x5S0Mb9/vtNe', 'kescalera2v@reference.com', 1),
(105, 'lblakeway2w', '$2a$04$z9sHMEtjNlwtLQg6js7C6OBJlMJnZO.pf3vfhy5/EDfd1qyx3Viei', 'atolcher2w@cargocollective.com', 1),
(106, 'eenderle2x', '$2a$04$EWKzI922jYVymoABxJyxXuK0Et7wZyU7gfQCkSGkxR8vuhxsJF1wW', 'ccyphus2x@reddit.com', 1),
(107, 'npringuer2y', '$2a$04$YY1.RfYsTUl5Cw3Iqq2UFOIveHbuxNwdkR/N88ULEiM/XSfu17VdO', 'pdeville2y@craigslist.org', 1),
(108, 'mmcniven2z', '$2a$04$uZOjN0zLsNB1D7n05hI42.3mc2NX08CnGJpf3Khf8YkfLmiAodsry', 'gcharles2z@google.it', 1),
(109, 'mruusa30', '$2a$04$OhGsDT9pEGZXcZZOABzp.eOB9qqnlCg.VwiKo.6q8rosMrFoVcCaW', 'shusby30@shinystat.com', 1),
(110, 'ofessby31', '$2a$04$ETyDE8euXKloXnRuR9MYHewidx/mfoNa6.cEn71JP63n3e3DzPLlu', 'kspores31@flavors.me', 1),
(111, 'uvannoni32', '$2a$04$DSDN48kGaThjQ7msa0yxPueNIKPnNddAW1Axx3bSsRwqjKe53Y7Ty', 'dmcgookin32@mapquest.com', 1),
(112, 'jjankin33', '$2a$04$pUNiU33ipMavJ/31tMl32.AGRQUiMQeCBRDeWFTCrtf.fvUpxof9S', 'jcapper33@irs.gov', 1),
(113, 'kjockle34', '$2a$04$IaACdaHYjjVcTs41bvZ3mOuDrk0BHIjd6XC5WLne8ywc.l48Sf.NS', 'titzkowicz34@google.es', 1),
(114, 'tjaycox35', '$2a$04$/L/4VW3QR0J2y7qLiH3m6ONdkCBEcXxohBqgEl7eIYwOzKJZxtnAi', 'srorke35@chronoengine.com', 1),
(115, 'cbraithwait36', '$2a$04$2VQXKbhIsELeGWjEWlpY8ux/3PeG2bfEaS5UfyCAEiBwh4DN3nyFi', 'rdurman36@forbes.com', 1),
(116, 'ldowner37', '$2a$04$Wn71TciwOrZ72ytt8I2YV.A7RxoX3Cvcc4p6N3MZNeAYm6ead4xne', 'mferraro37@addtoany.com', 1),
(117, 'kdows38', '$2a$04$Z4RTs707Da7mVFwhoKNAneH4yRBOALYre0qAsrBn3fw97YHFL9U2e', 'caddeycott38@facebook.com', 1),
(118, 'aeliesco39', '$2a$04$qHImwAM2wK4uuWTCvGnp0eQCBkKNf6LIBsMTg5i80FHCCtiQWqKf2', 'klyall39@desdev.cn', 1),
(119, 'fbuckston3a', '$2a$04$rY4zu.JFZ9zK/Srm/aSkcek85M2kI0/lUirz0KSAfQHS37iI5qt6a', 'eplumer3a@paypal.com', 1),
(120, 'sgaspar3b', '$2a$04$WmcIEEcFHsRVfCAnruUwROUYeCwwVNC8pAbRZKx0.5zJHyYh3beny', 'acrawforth3b@trellian.com', 1),
(121, 'ldelort3c', '$2a$04$XSW9NjDK2JVI26xCSa7v8eFPMK8TuVOBYtZTTRDUwLAzVwmQc2WwC', 'lkester3c@lulu.com', 1),
(122, 'mmerrgan3d', '$2a$04$Y0TnRVc28.xcc1VVCt5ALeF2Oxjl1i/TyqMP5Sc5RzAn9GkcFbSea', 'fdoret3d@about.com', 1),
(123, 'rjiggen3e', '$2a$04$hoMH3PUhrExodL4vtPp6gu0WyF257neLnGP7jeMmzJ1t1hG8jitbC', 'mjude3e@wired.com', 1),
(124, 'ssudddard3f', '$2a$04$nTpLJk6gTJ7xl5n8OmxkGuGvLlXkmpsRMoRQDoBjayKtzT84daCm6', 'jdelboux3f@gmpg.org', 1),
(125, 'tharm3g', '$2a$04$wuDM1NrFXX8m.bm0Mmxj7.GneT2/uU4JRyp7.BgxGgI/lZimSmXL6', 'vclewlow3g@bigcartel.com', 1),
(126, 'hnaseby3h', '$2a$04$RFeJaWyIAxRmM8Gjuw98heOaZ7WJFn3zv3Y/5VxARzpDc361pHUGq', 'amerrall3h@reuters.com', 1),
(127, 'xmaber3i', '$2a$04$zmASx96tyAdhBXHCKO7l..tcw03lG8tdwPwxAJA54EwXOmAn2vtpS', 'sbollen3i@flickr.com', 1),
(128, 'dwalley3j', '$2a$04$EWg48jK0MPwMhu6XCGFyD.Os713.RqoQCJ9MJYohTNju2VLw.yhyW', 'kbeagen3j@patch.com', 1),
(129, 'akislingbury3k', '$2a$04$N27oAcoMrGWqj/4Cg4G1seLcMt/rVin0HenxwSoVDBG1uDVYBt3I.', 'mgolagley3k@taobao.com', 1),
(130, 'kjordine3l', '$2a$04$kYsIV2ZVy39oww/YKQF41e8VUszJmHcuI2YLbd.Tp53dpp3lrIa4S', 'emaund3l@miitbeian.gov.cn', 1),
(131, 'fmacginley3m', '$2a$04$XYQwDf.Pimol5efElE9/3Ozf6W5xTI5eJayRUZfcd1CTYZwA/1VCe', 'zrush3m@msn.com', 1),
(132, 'eraycroft3n', '$2a$04$l6OC54aKcKS5PnT/Eybm0uX/YEFDkFkxuq5SV70Eau.YrOc2JXdMm', 'lhanwell3n@simplemachines.org', 1),
(133, 'bszimon3o', '$2a$04$ZqpsO2gVAdL//ontFuDtv.qkJUJnfRgBopSIYg0GBmU48YP1ldN8a', 'screbott3o@ovh.net', 1),
(134, 'tneillans3p', '$2a$04$GExgz/9taNQpt8K5xh9SeuMAtVUz8mrFxST62jLT8IJRWWc.iTpRO', 'bjeannet3p@sakura.ne.jp', 1),
(135, 'jketley3q', '$2a$04$nC2GppEAR52fyUz4XOo5XuJwoeWmuF8yI1HXg4.rnUaa51V1FfmIC', 'dchallace3q@cbsnews.com', 1),
(136, 'oszymaniak3r', '$2a$04$i4GvC.cpTS4mNt89DnFP9elyBa0gorFZAkFU/FqBzKu/ajBhcq0ce', 'lbygate3r@marriott.com', 1),
(137, 'ccradoc3s', '$2a$04$l0BL6b7dDnkxfoUsJJtz8uiyh0oMfYjxbrda1IscV4cOKES9m8mka', 'hgillam3s@hud.gov', 1),
(138, 'igemmell3t', '$2a$04$CMl2rjBT7h2icS4wN7dEF.gz2uy4pn1s37HwSYa5Tlgdi5YZJx16G', 'glombard3t@dyndns.org', 1),
(139, 'dhyrons3u', '$2a$04$.40vaJdsefJZYoaCHr0xq.pKzacP8nWJydc4jwKGhpA1IXF4daFqS', 'hbrudenell3u@mit.edu', 1),
(140, 'hmackee3v', '$2a$04$/g0dAwOCtpj4EK6Ks6drp..vnLOin3lzpQzU0pgPQ3bNENjWDRkE6', 'olynnitt3v@psu.edu', 1),
(141, 'dgoldfinch3w', '$2a$04$XLWBjOvMEG/s03x8rffvU.0gIE/nAoxrOfB8Ql2Me72aP9iFKsI1q', 'cclubley3w@scribd.com', 1),
(142, 'bpollastro3x', '$2a$04$cmwJeRLNEwuYFgaSfpB7uuA/N5TJm3BVLvnWihW0779gpatf1s5AS', 'dtulleth3x@craigslist.org', 1),
(143, 'cmaccrackan3y', '$2a$04$kjUp/c5OqIVaxr6YrUyNM.G944u5TgBif1vSRO7KrX6n.9qR5AauW', 'ssimoens3y@nbcnews.com', 1),
(144, 'aavo3z', '$2a$04$EizPYAh2SF8sCk9ak5R5se.cgAiduYym6MwE2aLzGPZk.uNLQDx.K', 'hsandal3z@google.co.jp', 1),
(145, 'hmollnar40', '$2a$04$1Y829Colez3uF/hlzlQeVO7cqfw6XcOKzcDJNKbADhp3PHgAC9AEG', 'emuncie40@fastcompany.com', 1),
(146, 'smethley41', '$2a$04$cYjQPU8P.S92OayFnoL2L.wB8Pk8Fz3TNB3MlV.CS8hzoUSh/Z0lu', 'gcolthard41@amazon.com', 1),
(147, 'fburdfield42', '$2a$04$wM/5qC0ETTQCdzN0t3EKyOK/pNc3OIi8q3LoU17dPqUFRMn7AnnDC', 'kmacgille42@cornell.edu', 1),
(148, 'lgateley43', '$2a$04$8ACxcH2Bcxq5ttp.aDe3fOQ88s19R0asgqM2kaogMdSy2aPYyO9tG', 'mheaney43@devhub.com', 1),
(149, 'fstickens44', '$2a$04$V65DbmU.gmSjt/m9jyYKrORd5H9mDngd6VnK0jLNZvWOl4VJhwxwS', 'dserrurier44@hubpages.com', 1),
(150, 'cdilleway45', '$2a$04$YWR6SqIkIBi5bNlLrL/.Uur1fS5BLU9J3v6BIoREYyvfl7PCmceh6', 'lgauden45@businessweek.com', 1),
(151, 'rwardingly46', '$2a$04$pa3W/QDJT3edhkzJGbHHp.Mwxp2moJPiwPlWwYBTVGf7QJ3cX9Ohi', 'eguerreru46@wordpress.org', 1),
(152, 'vvokes47', '$2a$04$QeJJZWMJAMhH8RmyFASTKemmoGW55c7DaSb1hFRy3IL5s1SBNcVCy', 'kgarrish47@seesaa.net', 1),
(153, 'dbrownsey48', '$2a$04$9wyKqYEwcMcUFjZRTE91/..8MF8EnqtSvianuapNuJGHyGql4sM5m', 'ttourville48@ning.com', 1),
(154, 'ydranfield49', '$2a$04$g4heccZZtFOJvnMqKciYauZKAUnhQ/PQrbWJM2KKazLFQy4VCkjuS', 'hstotherfield49@reuters.com', 1),
(155, 'hrosingdall4a', '$2a$04$WjCinDHc40g9UXB19NbfrOZLSsiWiGOdcxiZok7oQ9m.hsHJxVShe', 'bcoupland4a@barnesandnoble.com', 1),
(156, 'ybenbough4b', '$2a$04$VKcfDqC9iNkR79bytZgumOC5WHbfhD8dyzoD40/G74sapJ2tnF7J.', 'schritchlow4b@usgs.gov', 1),
(157, 'cbernuzzi4c', '$2a$04$Ir8cHNZCa8MoT7tZODH2Del5zwQnGhOcqoCM3zrMnQY6DlHCvJ/6m', 'hnitti4c@wunderground.com', 1),
(158, 'ngalea4d', '$2a$04$V.Kne6/7G4EHzNsllHU/auhULyKAsVusVEN4Z8IO3ohvO265P5xyq', 'msteggles4d@hexun.com', 1),
(159, 'zcardoo4e', '$2a$04$xNIbRNtszmhMAfxlNWjVY.ZdN5W3DKBADyhymAKzk2Uj26cFms8s2', 'bbugden4e@toplist.cz', 1),
(160, 'tjeschner4f', '$2a$04$YwnwDZvH1SLpqyLRqICfYuuBU2H.in1GGps6PqkZcE1U.zRyk7aiG', 'frenoden4f@digg.com', 1),
(161, 'dferrarini4g', '$2a$04$WL0AtPPLWm7p.cXS2Ys6GOb8ohhb4pCCqzx.3VpbQXIwVniZ6h1Jm', 'kcordova4g@topsy.com', 1),
(162, 'fcoalbran4h', '$2a$04$Odkcm.cne65YC9UkaDIjiOLv6zfYi1nlAfN68.BEl1BSGKn46QVTW', 'dletch4h@nsw.gov.au', 1),
(163, 'jdoogood4i', '$2a$04$BIghQRia2u8E0XpqIZRNnOJozJm7Yu7yCXBVxauapvdos8g/AOmOi', 'gcanto4i@drupal.org', 1),
(164, 'ikybbye4j', '$2a$04$LGVVpu2SnW6TmLx2adW9SOAAqt21qpmxefwNbC.luPgls9.yVqOcm', 'dmacarthur4j@artisteer.com', 1),
(165, 'tevensden4k', '$2a$04$9CNGpJvByxSHs7WL9AphReB1mzEDC5aUNYlgJ04d5YdPqpginZRgi', 'kgoldhill4k@huffingtonpost.com', 1),
(166, 'rheadington4l', '$2a$04$vxmeK2UD6p.FF9Lwk1I4POP8SSJWBRlz.QaEguImf6HNwTM83v9LO', 'fgiovannoni4l@google.ru', 1),
(167, 'uwagerfield4m', '$2a$04$Pr1QLbbw8CRCSFMj/4hgR.SkuInDXA.tRObP8vC377bYadT38mkES', 'nreicherz4m@example.com', 1),
(168, 'tvasenkov4n', '$2a$04$nDD72p9dyXYl8H3SBvZwu.wLXVc3I45uV7/Y0er3NCorsSbP3xpD.', 'ypauncefort4n@livejournal.com', 1),
(169, 'ytunney4o', '$2a$04$X1Rzk9IqU2Iicy.MaUBUvOeSzyH.e/4CVFPX8gXnqRMuB6TkjIgRu', 'ahaythorn4o@mapy.cz', 1),
(170, 'rmoyne4p', '$2a$04$4wf4KbOWIPnoGob1Fyr4H.jCZMt4aEWy/ybTupuiVc.ocoRyt0ZD.', 'jdowner4p@amazon.co.uk', 1),
(171, 'gjewks4q', '$2a$04$Yx3x2JNkEmohdRSlgTncTOmkf7k8UeoOndnxVxW2BO8DQX76HJrJ6', 'bdelnevo4q@qq.com', 1),
(172, 'jbrisco4r', '$2a$04$S4Vav7U2KQqjDN4ckd42..3EkauOgkJUJqlKpKS6qSATP8bPvwq.C', 'mupwood4r@wix.com', 1),
(173, 'rloren4s', '$2a$04$oCczrB96pQRrf87L23g8Mu.3.Y3VMXgznJhRGrl50CmSAEzWelRn2', 'jgilby4s@storify.com', 1),
(174, 'nbryan4t', '$2a$04$5by3nRk0l6XzR7MeFdimLu5OdZAYcwp9cuvNw99IZKwA1UU8sGRYm', 'djennery4t@surveymonkey.com', 1),
(175, 'lmundee4u', '$2a$04$LsyL3HXLKFi6UOFQaM/OkOUIzpP4pWFUwa4eqR2qlljddr8sZqkFa', 'slangland4u@blogtalkradio.com', 1),
(176, 'lferris4v', '$2a$04$7OSXa/O6D4TbsEuKdzQdBue7WcGM1EDn.3dLi.I3xUrq1oI1Oj.4K', 'helden4v@redcross.org', 1),
(177, 'jrutley4w', '$2a$04$IjzVP30zKQCf0QbAYB5BCu88qfFMFG3i6NGnmIpxmurix4rckDHSK', 'athorsen4w@zdnet.com', 1),
(178, 'mgillingham4x', '$2a$04$AWkcykSfzlnSpJRJCoqC2.eEUu1VxCZ7OHQn/iDdcfIkde4K8oj2S', 'rtammadge4x@surveymonkey.com', 1),
(179, 'bduffet4y', '$2a$04$.y5Gyu/i9S8u.IFJzlsGje2IPJaqjxI7r9g/XbkV3r36H81rcvS6C', 'reykelbosch4y@over-blog.com', 1),
(180, 'wswatheridge4z', '$2a$04$4aGJuwA7yp5OcrdxdTFMBOF2LRdvG.MQ.qxPe3a656wZvJ3rJd2U.', 'losman4z@jigsy.com', 1),
(181, 'menrietto50', '$2a$04$C5FR2ygog6QwkwHzm3sHXe6izrn17oKP1PmSkDICfpW2M44DeITdO', 'pgaskarth50@photobucket.com', 1),
(182, 'epauel51', '$2a$04$epNxabr9YWrOGguCbdm3de4BqJICr/AMqcE56OH3nLhGBG04bEjha', 'mclotworthy51@uol.com.br', 1),
(183, 'khickisson52', '$2a$04$3OTA.8M7Kt/Up1D7KDkKEOVpSU/1H7.hLk9iwJJppq6kQ/7.FiPIu', 'hhebden52@gravatar.com', 1),
(184, 'fhallows53', '$2a$04$gNdTKyVdIR2EaOiMGVvLPe.H.hecVL/3VZb5ZzPF3hEaNyNqYFFn2', 'dleyden53@devhub.com', 1),
(185, 'lcamellini54', '$2a$04$OZnDYYAcrkQa1FumLGEaBe86by2eCUr.1tYsznAu7YzO3meAn6Irm', 'hisley54@1688.com', 1),
(186, 'aayce55', '$2a$04$U8skJZfQp7Hm1eeZViKO8.HXgrjMRc1VGNp9ar62wYhwGxlsijREa', 'smalin55@prweb.com', 1),
(187, 'dgreswell56', '$2a$04$H/DVmkPvOSVf0ZNtmHn.5elPAgn34..ip2bm2DT7k/xAR9g0WMLUe', 'lkarpeev56@aboutads.info', 1),
(188, 'cveronique57', '$2a$04$3tzLV5HaIfTZ9tNNZIEaSeDdgC8hWnA9zGWUAtTik5/wvCgq2aO4e', 'kgerant57@trellian.com', 1),
(189, 'lhatry58', '$2a$04$.qUyNPnGqDi8CRZi6SO3tOy.n2PLNtDOdJ./4Bwb5vJ1agJnx7UaS', 'jrentilll58@aboutads.info', 1),
(190, 'scone59', '$2a$04$kOxoh6Jo/kW0yCCfL.C7iuuuBHVcquny3fkGCToLKyKPlqkhDAayy', 'ddoddemeade59@dot.gov', 1),
(191, 'mcoupman5a', '$2a$04$viL0HwdjaHi97WYiD1pffu2wazCeLI1Cw43hTj1USVj1LMrvcL8.W', 'sjuste5a@bravesites.com', 1),
(192, 'hjancic5b', '$2a$04$zOGYXBmLIGk336KzTaykTOXgBngmCO4ju/WmUe5lnQYWrA.sQaDgK', 'stester5b@forbes.com', 1),
(193, 'aaves5c', '$2a$04$T.vravHWsa7F37JTtf6Ete1nWKTH8YFLX1Q9yEwMyKS5Bo0x6AMHC', 'tmacdonough5c@google.com.au', 1),
(194, 'alosty5d', '$2a$04$YhqtJV309MZiGjy8jo.DZebQcN.OVhtQv18tuoaaxGLVKjksE9ReO', 'rminico5d@chron.com', 1),
(195, 'fmeins5e', '$2a$04$QKc5hTQM8Opi0ipkmxAAVuEn.mqNxwUYD/mSnq7.O4FH4eJwMQe3a', 'ksterling5e@uiuc.edu', 1),
(196, 'ssalmoni5f', '$2a$04$Yc7EkOB0.VXJkkFeNfHSn.jgM8gchdvKlWdHYvIagBo/uSyiM/HTK', 'bluxford5f@psu.edu', 1),
(197, 'pmacwilliam5g', '$2a$04$dZRH8ihj2srVHxIapZVFLecS3YEeE2NZFzinmCMZgY5pErpCaHNiW', 'mshyres5g@sourceforge.net', 1),
(198, 'cvalerius5h', '$2a$04$0zPoaQUZ/u7izdujEWT9M.gxsYN.vPVFHAOAnyP/Iw0lXoQVy/48G', 'rgilgryst5h@usa.gov', 1),
(199, 'lstoker5i', '$2a$04$WsMduQu75Zz4ndwim7ztlOPkj.swdnaP1FGMivO59Yj1SP7PQr3Qu', 'mgiraldo5i@linkedin.com', 1),
(200, 'vreckhouse5j', '$2a$04$b9RyFkuPo2BtV4ygwSDueemboh9MHszwSFrShWr4WbMFwKhPE9g9K', 'bmcnair5j@icio.us', 1),
(201, 'mbelliss5k', '$2a$04$1UEmkA6Qr0a9vnR9o4KzX.5..zclySwFA0YsYInBXCaSSxwK7lMgO', 'bpeye5k@ted.com', 1),
(202, 'uchaperling5l', '$2a$04$3Sj9ZecxmB4KVX2VcvG7X.rIPCWFycuRKU8oO3umykV2dzGNor9VG', 'kkummerlowe5l@i2i.jp', 0),
(203, 'bcowburn5m', '$2a$04$idxb9iTkkCNQ0yaHCD/hGuBOYXLZYqnS5T8IzCOmNjciiWq5Pis1.', 'cdevenny5m@msu.edu', 1),
(204, 'bpeiser5n', '$2a$04$pNjJ7uLZiMdYYSxzh4qnF.sgRlt7T6iVWYnPMRorccrFV9hok5SWq', 'gwoodage5n@europa.eu', 1),
(205, 'jfoulkes5o', '$2a$04$uUWe7gkiQ2lhb/S7mT3lfOw7oGm9cOtKMja.3O1oDHsCvy/Yq7rbS', 'tjosephy5o@dedecms.com', 1),
(206, 'amerrisson5p', '$2a$04$fLYPcXG70vF8YsxchGbkMO93MVCKIiVE4jm4cgCx4Uz9JRZZZn6HG', 'okonzelmann5p@google.co.uk', 1),
(207, 'pvanmerwe5q', '$2a$04$ttXSRQFIFpkH3iiUUyfB5.dgP2ai/6k1TcJe.wHm6vYDuwjFApNT2', 'bkindred5q@ning.com', 1),
(208, 'bdunabie5r', '$2a$04$B0e18rrLXSIo.HcAyO7dT.lNtjss0N2zr2LTYUAsL6yOUyScVFH4i', 'eanwell5r@cpanel.net', 1),
(209, 'mespinoy5s', '$2a$04$6KsX6Sm9I/uMP5GqZ2WBtey3q9w5sH4G0/i8wJJu.JG7LD06QzwJ6', 'emensler5s@chron.com', 1),
(210, 'avedenichev5t', '$2a$04$ReUbFyf8i6/u9PiBMlJ8pu01scxE9EutF5Q8kwsxdgJwhTgoduy92', 'ckener5t@technorati.com', 1),
(211, 'ddonan5u', '$2a$04$biLxBqwhSjUSR8ORaknr.unpxkFrwBnBAmQI/VKnWd.Uj.lov6Rza', 'mkeay5u@csmonitor.com', 1),
(212, 'jdillon5v', '$2a$04$og6mIn.FPk87dr/UWR1Sh.IqZ3Q.NwCDFHqUU4HC04D//fOQ5h3.u', 'vsolley5v@chron.com', 1),
(213, 'iboshier5w', '$2a$04$ZxH5wcRDvBzLtcyY74bZH.KnfjTKaeXJDZKGdc7FT2UkRbjIBldkW', 'atunsley5w@geocities.com', 0),
(214, 'anewberry5x', '$2a$04$jqhHjKRbOdi.7q3x0A3tNuu5cVjr5PBhtxoL07Y.NKRY8UAngp/NG', 'ashinfield5x@stanford.edu', 1),
(215, 'ccooke5y', '$2a$04$v52vpM8AtsxhP.3sLKC5JeKPWkaT/XS3O96SrtxzEWzqOWYuYX2T6', 'jricciardi5y@house.gov', 1),
(216, 'gelphinstone5z', '$2a$04$EIaONEHje14BSp5.zCuJneNvslfHWwBb73fJ3s5iQZWjOKQHHrsXi', 'chedgecock5z@oracle.com', 1),
(217, 'klinnemann60', '$2a$04$E1cuBfMZWApdqmR3ovG7pu/LPR/72z5pmAb83qsar1ju1KJ08iJIK', 'hbarrowcliff60@discuz.net', 1),
(218, 'cneville61', '$2a$04$7c09I/bHhRKaj6hTi6IDtesgvH3Z4vwIB4wzkhPO/F55hf785Fuii', 'arandle61@clickbank.net', 1),
(219, 'spitceathly62', '$2a$04$mH6iByrExpcWqDCBIyD50exEdIaWGWGA8efeWJrRPBwhX10a5fCKq', 'ebairnsfather62@ucoz.ru', 1),
(220, 'pkalinovich63', '$2a$04$aTpDpWwMz2TFoKxQEiApmOckdvOUw0m8/jmhOqu40jhW5hkj/YGhy', 'rvescovo63@google.co.jp', 1),
(221, 'hmccaughan64', '$2a$04$cSXTvS0pdcVhfnmwe4i4e.N.dA6fDD8qKgjyRZjEMe4l/kSlkaanK', 'eguillot64@yandex.ru', 1),
(222, 'bkernan65', '$2a$04$qa2Jr3F.tboyM0IVcESZl.guUmW/lrX0XeT3TdpWY8ODUyd2GYoIa', 'stullot65@bluehost.com', 1),
(223, 'amacura66', '$2a$04$OeBCaB5PsKArlL4TuorzT.MSyNYsf7xTLGuS2DFvvt28WMUZRWaGS', 'kcreasey66@parallels.com', 1),
(224, 'nperryman67', '$2a$04$DEufuV1fwafAdtsjH4NDPOmeCeGLbYXId/t1/mRFV5jn64UkucyPi', 'hproger67@ow.ly', 0),
(225, 'aharman68', '$2a$04$cH7bp/UKyBr2Kr30KComL.xWM6PVwyr1drVmmbWGvReB/EfbNUeua', 'dshoosmith68@mozilla.com', 1),
(226, 'bfrancombe69', '$2a$04$xBZkKQMUnDFqBTw5TNpgnedeOt1Dnz.llDax2YgL5p5loptAM01JW', 'jculcheth69@blogspot.com', 1),
(227, 'avaun6a', '$2a$04$LU0zkD7vvVdsDoDnNhPdl.yRqUw12qb5uQcT4N/LRTXW4lYlDUc6e', 'mbrocks6a@printfriendly.com', 1),
(228, 'rbarritt6b', '$2a$04$vauE.0xuRRtJ4XYVd5M9GuLZGs3MKFOff9MB6ShYcwwDu8xmNPXHS', 'bransome6b@ocn.ne.jp', 1),
(229, 'lsawell6c', '$2a$04$m7eNgqvcqCebtVFdgOVPiOppu2Y2H.SZXyeGoJW7iPlqWHrit2KSy', 'dplummer6c@foxnews.com', 1),
(230, 'mgoodson6d', '$2a$04$Vk.IH76B0zAblhwT6qdn6.lFrjgcBNag0tX4l9InBt9zlpe2tKoj.', 'jbake6d@biblegateway.com', 1),
(231, 'eogers6e', '$2a$04$nn9cMr4Qd3OXUgdK3K0y6Op76cc3Qwi.JcOqaULhCG81PX4Gkt3bm', 'mbarthel6e@ask.com', 1),
(232, 'lalhirsi6f', '$2a$04$SY7tePtSB03vGWXEhSKZL.3I/yBgO0yVr.dKF5Yevqa19hoQpg6sa', 'stalboy6f@livejournal.com', 1),
(233, 'whansley6g', '$2a$04$0RboUsJrw2w3npB4cjqJeORZQH.twt5l60l0nkP8ZuYnHS28lYVUC', 'nkowalski6g@timesonline.co.uk', 1),
(234, 'belwyn6h', '$2a$04$RVXghjRj5VM0PSlU4dF24OqgHCUrOMaOSX.J2FREJo1mNprFYCL/y', 'kklageman6h@scribd.com', 1),
(235, 'tnavein6i', '$2a$04$Mi9AumWB0N9.r7.h1F7t1u54..DhNfFNIY77LjSRq0ZjagzRP9dki', 'ibestar6i@typepad.com', 1),
(236, 'llumsden6j', '$2a$04$Npe9yVPauML3TLZnNGtDYeF4mk1jNmYGToJ/smFSmd7uvaFJN6.H.', 'hyakebovich6j@networksolutions.com', 1),
(237, 'chayfield6k', '$2a$04$L6B8xpvIoQWK318FmWpF2efA.jqomjYMDczBA58lQsGVxDJmfCvQa', 'schant6k@over-blog.com', 1),
(238, 'astone6l', '$2a$04$IFuQu..GVFGPnmSO.DO/Y.lQ/ZfarkT0ItnliCb1lvqDvUU.gw7ia', 'cmuggach6l@usgs.gov', 1),
(239, 'jmaccarter6m', '$2a$04$QqmAm59gZ7b608XP82/3IeaOZ68J71t4N2i4NM5J.y3vftLcS4Pju', 'osehorsch6m@utexas.edu', 1),
(240, 'mferrari6n', '$2a$04$iQx65NcAAHF60iLZv2fpv.JFM1XJeMsj54uOjelrqGyzuaeJMCwly', 'gbleazard6n@hatena.ne.jp', 1),
(241, 'tpettiford6o', '$2a$04$prYdVDZ7I4SvrJosFN921OpQx4CJ5K2hyTGtdWT4DY8OIsVNVrYGS', 'efisbey6o@nymag.com', 1),
(242, 'agladdolph6p', '$2a$04$vdl2r.Vm.szYDCtTCM4JJuMhCfcSHX.SOaUvZDeZ8XKrH6TUryBqy', 'msherbrooke6p@fastcompany.com', 1),
(243, 'fspry6q', '$2a$04$My2OMn0UbVz1JhJ3pbixpexxYuTmATSzFZ9hKeDhyxIIaoXR6mBtG', 'kpawellek6q@ning.com', 1),
(244, 'bbredes6r', '$2a$04$JqrXbNdAusxt5qb4cisn9OMcvWNP2svXlx8zxMsOfo3CYLeloH9VW', 'cstanggjertsen6r@icq.com', 1),
(245, 'hbaukham6s', '$2a$04$Sl/fvCDgRpFf/srsuNiE9O7EBIAbQ1kcH70fY.K3xqX5YXXId7dVu', 'elipyeat6s@auda.org.au', 1),
(246, 'roakshott6t', '$2a$04$RZCJ55UnH6mE8ee3paPs6eHdClMdLW9vh9gfSByYuoQVXITdfpbom', 'rmorrid6t@unblog.fr', 1),
(247, 'rstephens6u', '$2a$04$eZQyLnvHHi2BaQ07bnFgpu.hSJIbbIjJVNbgusuGY2e8yOXBS5kWq', 'tcraney6u@mapquest.com', 1),
(248, 'lsterman6v', '$2a$04$TqmFvGfz8WU/OIoFehhT0edZZ2MjqEyth1giIiKxp8TzdoaVsHNoa', 'pphillot6v@dailymail.co.uk', 1),
(249, 'fachromov6w', '$2a$04$uKo4Rij/V3rkKwNelF2ed.hObC66GaF/qnLzp1pw8WP6deG4MoVzS', 'sbantock6w@parallels.com', 1),
(250, 'gtalby6x', '$2a$04$q8NMTI7KMhlTzU.cpGKN4uI4zv0ro0fR6gwklJ/Vv8lGytfp7RU4O', 'beagger6x@g.co', 1),
(251, 'ncore6y', '$2a$04$t5K.KcxcMH3FQ7Hffty6oeISwh/w8DN2oFm6YmNUeXuiQMncPW76m', 'flowing6y@fotki.com', 1),
(252, 'scasaccia6z', '$2a$04$U6M50Ek/OB16DXST0Z3mzeRZTdFUct7GQyMEVNrwSUq4AORNsDAnK', 'vburrells6z@nytimes.com', 1),
(253, 'jscarisbrick70', '$2a$04$U1m/uoDi0nCZr/MEk9q23eCxx406Jxve.hwWkFihoqzMb8PVvWsmG', 'wverick70@artisteer.com', 1),
(254, 'csedgman0', '$2a$04$hi12DnW/bdWjb0gcJZpqaO8KG.2SeUTFZ9rVa8fe4ZsQK/2JLR31m', 'etredinnick0@soundcloud.com', 1),
(255, 'tpotticary1', '$2a$04$3DZa8u2fTGV0EZuOZnxZ3e83unLqxLOdbsSRTJpLm9Jq2k29TzQtq', 'greeveley1@state.gov', 1),
(256, 'mmerry2', '$2a$04$4EPuOLIZQytb62j6HO/Iqukj1vPD/u4RGkQkKs8sDorF5roP1lgUK', 'avedmore2@infoseek.co.jp', 1),
(257, 'kworlock3', '$2a$04$Z/ce5/qXpfRIm98eonY4muDWT8asZ6UBZSwMAbpBxY64ozoWHV/f6', 'pboone3@ustream.tv', 0),
(258, 'mbartlet4', '$2a$04$Ss8OfBLb4uKcEmuUYpFyluDF63T/OpgAh5vzdpJwphcpGCjE1oacK', 'etrotman4@myspace.com', 1),
(259, 'cdimnage5', '$2a$04$pWPsbfsoamzlPkO1o18/ReTHngxJLUDMNhr/N6QaJqswq1XuyOiTy', 'aaspital5@msu.edu', 1),
(260, 'imordon6', '$2a$04$L9H1YPOpTrO.ooleIvSt/OJTrkfipbCi/lMKMxSUNcaBL15fadZmO', 'bcristofari6@soundcloud.com', 1),
(261, 'nvickerstaff7', '$2a$04$esVkVOcNGjEMM5WZc/pwluxqwVdw65hLLCFR/V7Znb4CL3nFsZj9a', 'lfalkous7@latimes.com', 1),
(262, 'rblankett8', '$2a$04$gqSrHTsd9w1er5GghGp3ROuo7WSaLBfrHvCA.gVPQzv4nw978UGs.', 'rmilburne8@bing.com', 0),
(263, 'vbyrcher9', '$2a$04$8P2n55PCY0aD4uEOvJ1q1OId45bzdDh83rWcucjr9DlRonIZPtUz2', 'mhughs9@opensource.org', 1),
(265, 'titi', '$2y$10$m41FPUQXBAGnf13O4Upy8OXO3vtKVXMkDoLGGxrwiQISLpMJ8m2Qi', 'titi@sfr.fr', 1);

-- --------------------------------------------------------

--
-- Structure de la table `user_person`
--

CREATE TABLE `user_person` (
  `id` int(11) NOT NULL,
  `user_id` int(11) NOT NULL,
  `person_id` int(11) NOT NULL
) ENGINE=InnoDB DEFAULT CHARSET=utf8mb4 COLLATE=utf8mb4_general_ci;

--
-- Déchargement des données de la table `user_person`
--

INSERT INTO `user_person` (`id`, `user_id`, `person_id`) VALUES
(1, 145, 163),
(2, 2, 186),
(3, 243, 102),
(4, 116, 210),
(5, 91, 198),
(6, 62, 177),
(7, 252, 217),
(8, 15, 75),
(9, 108, 97),
(10, 23, 128),
(11, 17, 176),
(12, 6, 83),
(13, 156, 176),
(14, 178, 5),
(15, 224, 250),
(16, 128, 17),
(17, 196, 111),
(18, 126, 78),
(19, 19, 30),
(20, 228, 53),
(21, 29, 122),
(22, 197, 149),
(23, 2, 211),
(24, 11, 134),
(25, 118, 205),
(26, 115, 98),
(27, 183, 91),
(28, 16, 82),
(29, 150, 42),
(30, 212, 80),
(31, 45, 216),
(32, 186, 24),
(33, 6, 4),
(34, 214, 148),
(35, 110, 72),
(36, 104, 180),
(37, 139, 32),
(38, 105, 53),
(39, 104, 249),
(40, 198, 33),
(41, 58, 48),
(42, 173, 63),
(43, 150, 62),
(44, 183, 102),
(45, 74, 118),
(46, 169, 92),
(47, 196, 100),
(48, 158, 65),
(49, 75, 150),
(50, 241, 205),
(51, 116, 4),
(52, 68, 52),
(53, 201, 142),
(54, 29, 221),
(55, 183, 243),
(56, 215, 126),
(57, 172, 36),
(58, 32, 153),
(59, 43, 143),
(60, 139, 143),
(61, 130, 186),
(62, 141, 35),
(63, 83, 118),
(64, 80, 13),
(65, 91, 5),
(66, 252, 53),
(67, 66, 8),
(68, 43, 95),
(69, 185, 44),
(70, 213, 151),
(71, 33, 130),
(72, 165, 50),
(73, 219, 174),
(74, 219, 173),
(75, 148, 127),
(76, 246, 243),
(77, 32, 106),
(78, 109, 133),
(79, 21, 27),
(80, 117, 163),
(81, 170, 201),
(82, 99, 26),
(83, 34, 185),
(84, 77, 225),
(85, 170, 17),
(86, 93, 173),
(87, 206, 187),
(88, 131, 185),
(89, 186, 148),
(90, 92, 17),
(91, 156, 58),
(92, 134, 127),
(93, 83, 78),
(94, 94, 221),
(95, 38, 153),
(96, 228, 250),
(97, 151, 160),
(98, 83, 37),
(99, 123, 87),
(100, 165, 160),
(101, 19, 93),
(102, 156, 234),
(103, 175, 16),
(104, 129, 204),
(105, 74, 9),
(106, 94, 235),
(107, 207, 17),
(108, 184, 155),
(109, 148, 142),
(110, 230, 97),
(111, 32, 57),
(112, 49, 248),
(113, 211, 23),
(114, 102, 230),
(115, 219, 226),
(116, 106, 65),
(117, 54, 123),
(118, 126, 78),
(119, 151, 69),
(120, 85, 151),
(121, 124, 250),
(122, 137, 41),
(123, 147, 208),
(124, 58, 99),
(125, 65, 79),
(126, 91, 110),
(127, 83, 180),
(128, 183, 74),
(129, 173, 140),
(130, 216, 57),
(131, 197, 108),
(132, 120, 108),
(133, 62, 95),
(134, 28, 138),
(135, 8, 29),
(136, 3, 95),
(137, 90, 90),
(138, 192, 142),
(139, 18, 172),
(140, 226, 98),
(141, 79, 214),
(142, 171, 28),
(143, 21, 212),
(144, 2, 183),
(145, 225, 250),
(146, 189, 243),
(147, 178, 38),
(148, 137, 76),
(149, 251, 192),
(150, 221, 252),
(151, 53, 107),
(152, 196, 222),
(153, 135, 53),
(154, 38, 177),
(155, 133, 203),
(156, 20, 93),
(157, 51, 32),
(158, 4, 146),
(159, 76, 197),
(160, 140, 169),
(161, 150, 64),
(162, 250, 66),
(163, 211, 86),
(164, 125, 120),
(165, 92, 56),
(166, 7, 243),
(167, 238, 148),
(168, 76, 56),
(169, 126, 178),
(170, 129, 40),
(171, 4, 229),
(172, 244, 81),
(173, 34, 219),
(174, 198, 134),
(175, 245, 94),
(176, 234, 55),
(177, 215, 2),
(178, 198, 238),
(179, 104, 223),
(180, 135, 164),
(181, 24, 191),
(182, 48, 225),
(183, 82, 144),
(184, 219, 121),
(185, 24, 93),
(186, 169, 93),
(187, 28, 223),
(188, 214, 232),
(189, 50, 31),
(190, 31, 253),
(191, 128, 193),
(192, 218, 151),
(193, 245, 243),
(194, 151, 52),
(195, 16, 199),
(196, 143, 209),
(197, 134, 8),
(198, 74, 7),
(199, 172, 29),
(200, 47, 212),
(201, 179, 103),
(202, 16, 195),
(203, 194, 58),
(204, 144, 253),
(205, 124, 72),
(206, 122, 199),
(207, 130, 125),
(208, 110, 173),
(209, 176, 62),
(210, 239, 12),
(211, 75, 120),
(212, 5, 193),
(213, 150, 113),
(214, 55, 7),
(215, 205, 171),
(216, 95, 59),
(217, 146, 164),
(218, 187, 144),
(219, 15, 239),
(220, 8, 170),
(221, 214, 250),
(222, 89, 245),
(223, 69, 56),
(224, 21, 20),
(225, 60, 122),
(226, 71, 45),
(227, 44, 108),
(228, 117, 169),
(229, 109, 9),
(230, 147, 160),
(231, 89, 139),
(232, 95, 228),
(233, 48, 189),
(234, 81, 209),
(235, 15, 31),
(236, 200, 251),
(237, 31, 41),
(238, 215, 42),
(239, 164, 63),
(240, 35, 18),
(241, 65, 183),
(242, 198, 206),
(243, 43, 251),
(244, 215, 251),
(245, 83, 129),
(246, 244, 113),
(247, 9, 59),
(248, 251, 103),
(249, 43, 16),
(250, 120, 224),
(251, 168, 133),
(252, 10, 238),
(253, 217, 18),
(254, 256, 265),
(255, 257, 276),
(256, 263, 268),
(257, 259, 283),
(258, 257, 270),
(259, 257, 267),
(260, 259, 260),
(261, 255, 278),
(262, 255, 279),
(263, 254, 258);

--
-- Index pour les tables déchargées
--

--
-- Index pour la table `booking`
--
ALTER TABLE `booking`
  ADD PRIMARY KEY (`id`),
  ADD KEY `group_id` (`group_id`),
  ADD KEY `resource_id` (`resource_id`);

--
-- Index pour la table `categories`
--
ALTER TABLE `categories`
  ADD PRIMARY KEY (`id`);

--
-- Index pour la table `groups`
--
ALTER TABLE `groups`
  ADD PRIMARY KEY (`id`);

--
-- Index pour la table `group_persons`
--
ALTER TABLE `group_persons`
  ADD PRIMARY KEY (`id`),
  ADD KEY `group_id` (`group_id`),
  ADD KEY `person_id` (`person_id`);

--
-- Index pour la table `persons`
--
ALTER TABLE `persons`
  ADD PRIMARY KEY (`id`);

--
-- Index pour la table `post`
--
ALTER TABLE `post`
  ADD PRIMARY KEY (`id`);

--
-- Index pour la table `resources`
--
ALTER TABLE `resources`
  ADD PRIMARY KEY (`id`);

--
-- Index pour la table `users`
--
ALTER TABLE `users`
  ADD PRIMARY KEY (`id`);

--
-- Index pour la table `user_person`
--
ALTER TABLE `user_person`
  ADD PRIMARY KEY (`id`),
  ADD KEY `person_id` (`person_id`),
  ADD KEY `user_id` (`user_id`);

--
-- AUTO_INCREMENT pour les tables déchargées
--

--
-- AUTO_INCREMENT pour la table `booking`
--
ALTER TABLE `booking`
  MODIFY `id` int(11) NOT NULL AUTO_INCREMENT, AUTO_INCREMENT=7;

--
-- AUTO_INCREMENT pour la table `categories`
--
ALTER TABLE `categories`
  MODIFY `id` int(11) NOT NULL AUTO_INCREMENT;

--
-- AUTO_INCREMENT pour la table `groups`
--
ALTER TABLE `groups`
  MODIFY `id` int(11) NOT NULL AUTO_INCREMENT, AUTO_INCREMENT=4;

--
-- AUTO_INCREMENT pour la table `group_persons`
--
ALTER TABLE `group_persons`
  MODIFY `id` int(11) NOT NULL AUTO_INCREMENT, AUTO_INCREMENT=98;

--
-- AUTO_INCREMENT pour la table `persons`
--
ALTER TABLE `persons`
  MODIFY `id` int(11) NOT NULL AUTO_INCREMENT, AUTO_INCREMENT=284;

--
-- AUTO_INCREMENT pour la table `post`
--
ALTER TABLE `post`
  MODIFY `id` int(11) NOT NULL AUTO_INCREMENT;

--
-- AUTO_INCREMENT pour la table `resources`
--
ALTER TABLE `resources`
  MODIFY `id` int(11) NOT NULL AUTO_INCREMENT, AUTO_INCREMENT=5;

--
-- AUTO_INCREMENT pour la table `users`
--
ALTER TABLE `users`
  MODIFY `id` int(11) NOT NULL AUTO_INCREMENT, AUTO_INCREMENT=266;

--
-- AUTO_INCREMENT pour la table `user_person`
--
ALTER TABLE `user_person`
  MODIFY `id` int(11) NOT NULL AUTO_INCREMENT, AUTO_INCREMENT=264;

--
-- Contraintes pour les tables déchargées
--

--
-- Contraintes pour la table `booking`
--
ALTER TABLE `booking`
  ADD CONSTRAINT `booking_ibfk_1` FOREIGN KEY (`group_id`) REFERENCES `groups` (`id`),
  ADD CONSTRAINT `booking_ibfk_2` FOREIGN KEY (`resource_id`) REFERENCES `resources` (`id`);

--
-- Contraintes pour la table `group_persons`
--
ALTER TABLE `group_persons`
  ADD CONSTRAINT `group_persons_ibfk_1` FOREIGN KEY (`group_id`) REFERENCES `groups` (`id`),
  ADD CONSTRAINT `group_persons_ibfk_2` FOREIGN KEY (`person_id`) REFERENCES `persons` (`id`);

--
-- Contraintes pour la table `user_person`
--
ALTER TABLE `user_person`
  ADD CONSTRAINT `user_person_ibfk_1` FOREIGN KEY (`person_id`) REFERENCES `persons` (`id`),
  ADD CONSTRAINT `user_person_ibfk_2` FOREIGN KEY (`user_id`) REFERENCES `users` (`id`);
COMMIT;

/*!40101 SET CHARACTER_SET_CLIENT=@OLD_CHARACTER_SET_CLIENT */;
/*!40101 SET CHARACTER_SET_RESULTS=@OLD_CHARACTER_SET_RESULTS */;
/*!40101 SET COLLATION_CONNECTION=@OLD_COLLATION_CONNECTION */;
